"BW","fBW_kidney","fBW_liver","fBW_lung","fBW_heart","fBW_brain","fBW_adipose","fBW_muscle","fBW_blood","fBW_carcass","fBW_intestine","fBW_stomach","CO","fCO_kidney","fCO_intestine","fCO_lung","fCO_heart","fCO_brain","fCO_adipose","fCO_muscle","fCO_carcass","fCO_stomach","fCO_liver","int_nl","int_pl","int_pr","int_w","exp_nl","exp_pl","exp_pr","exp_w","intestine_nl","intestine_pl","intestine_pr","intestine_w","liver_nl","liver_pl","liver_pr","liver_w","kidney_nl","kidney_pl","kidney_pr","kidney_w","heart_nl","heart_pl","heart_pr","heart_w","brain_nl","brain_pl","brain_pr","brain_w","adipose_nl","adipose_pl","adipose_pr","adipose_w","muscle_nl","muscle_pl","muscle_pr","muscle_w","carcass_nl","carcass_pl","carcass_pr","carcass_w","lung_nl","lung_pl","lung_pr","lung_w","blood_nl","blood_pl","blood_pr","blood_w","mamgland_nl","mamgland_pl","mamgland_pr","mamgland_w","reprod_nl","reprod_pl","reprod_pr","reprod_w","nl","pl","pr","w","kabs","Cl_renal","Cl_hepatic","Vmax_tot","Km_tot","fbact","MW","S","Pv","Kow","fBW_abomasum","fBW_omasum","fBW_rumen","fBW_reticulum","fBW_gizzard","fBW_crop","fBW_mamgland","fBW_reprod","fCO_blood","fCO_abomasum","fCO_omasum","fCO_rumen","fCO_reticulum","fCO_gizzard","fCO_crop","fCO_mamgland","fCO_reprod","Qingest","kgastric","Qmilk","Qegg","fbile"
78.7601724110883,0.00377696248765337,0.0255797273052622,0.00940484682073176,0.00404911530174381,0.00460048079992546,0.101558627572246,0.472569978452168,0.0340885776488461,0.157213621922448,0.0391636267151485,0.00445000165579142,5.72404297780828,0.10763268201165,0.29870139925201,0.0186299415469519,0.0852644787422583,0.00785053727831516,0.073451091880274,0.219990593237988,0.0467077867571492,0.0170162080817945,0.0263286940681571,0.04,2,2.9,1,1,0.94,0.63,0,0.045,0.02,0.139,0.792,0.02,0.049,0.179,0.727,0.013,0.038,0.173,0.776,0.047,0.051,0.169,0.734,0.043,0.067,0.08,0.79,0.794,0,0.057,0.157,0.005,0.006,0.172,0.782,0.017,0.003,0.193,0.328,0.015,0.036,0.125,0.84,0.005,0.011,0.168,0.804,NA,NA,NA,NA,NA,NA,NA,NA,1,1,1,1,0.61,1e-04,0.01253,1.68,5.79310344827586,0,296.319,55000,6.8e-11,0.194984459975805,0,0,0,0,0,0,0,0,NA,0,0,0,0,0,0,0,0,8.85,0.004166667,0,NA,0.97
115.936935715391,0.00310775809345665,0.0215760964593557,0.00793778092345446,0.00507526525633388,0.00144596382912691,0.159516442782064,0.406237552788882,0.0292300906991157,0.15297733180661,0.0415296508276147,0.0173004228984059,2.87765710898102,0.102507651426353,0.354345152097444,0.0341190557024207,0.0724022154496413,0.0123127289135337,0.0702030429925885,0.25864356188174,0.0436631784856868,0.0193486194136704,0.067309652746499,0.04,2,2.9,1,1,0.94,0.63,0,0.045,0.02,0.139,0.792,0.02,0.049,0.179,0.727,0.013,0.038,0.173,0.776,0.047,0.051,0.169,0.734,0.043,0.067,0.08,0.79,0.794,0,0.057,0.157,0.005,0.006,0.172,0.782,0.017,0.003,0.193,0.328,0.015,0.036,0.125,0.84,0.005,0.011,0.168,0.804,NA,NA,NA,NA,NA,NA,NA,NA,1,1,1,1,0.61,1e-04,0.01253,1.68,5.79310344827586,0,296.319,55000,6.8e-11,0.194984459975805,0,0,0,0,0,0,0,0,NA,0,0,0,0,0,0,0,0,8.85,0.004166667,0,NA,0.97
119.812318831497,0.00431730087428556,0.0205658080666183,0.00920188502622798,0.00344817430718402,0.00390041806267685,0.177528510715346,0.502910767845551,0.0269269829218862,0.131351230191812,0.0352929554053799,0.0115878404434115,7.21998184696274,0.0923722171452866,0.312702704569718,0.0452787773444714,0.0254686109852371,0.0210324521628831,0.0626024727772926,0.158072861035307,0.0539693785979466,0.0170846472997813,0.0371264593034761,0.04,2,2.9,1,1,0.94,0.63,0,0.045,0.02,0.139,0.792,0.02,0.049,0.179,0.727,0.013,0.038,0.173,0.776,0.047,0.051,0.169,0.734,0.043,0.067,0.08,0.79,0.794,0,0.057,0.157,0.005,0.006,0.172,0.782,0.017,0.003,0.193,0.328,0.015,0.036,0.125,0.84,0.005,0.011,0.168,0.804,NA,NA,NA,NA,NA,NA,NA,NA,1,1,1,1,0.61,1e-04,0.01253,1.68,5.79310344827586,0,296.319,55000,6.8e-11,0.194984459975805,0,0,0,0,0,0,0,0,NA,0,0,0,0,0,0,0,0,8.85,0.004166667,0,NA,0.97
66.6217210738037,0.0035556450354259,0.0162145434638947,0.0106029929102456,0.00402006350303279,0.00318317907919334,0.16565715273598,0.479018211548134,0.0430834629828735,0.158981426310159,0.0341985552467993,0.0200810682843622,1.39707035852186,0.113507409343863,0.189225702185955,0.0238571280481712,0.0446848481422384,0.00828813299210298,0.0690201189801102,0.31389250814778,0.0817546367385528,0.0173848090357688,0.0512255868430756,0.04,2,2.9,1,1,0.94,0.63,0,0.045,0.02,0.139,0.792,0.02,0.049,0.179,0.727,0.013,0.038,0.173,0.776,0.047,0.051,0.169,0.734,0.043,0.067,0.08,0.79,0.794,0,0.057,0.157,0.005,0.006,0.172,0.782,0.017,0.003,0.193,0.328,0.015,0.036,0.125,0.84,0.005,0.011,0.168,0.804,NA,NA,NA,NA,NA,NA,NA,NA,1,1,1,1,0.61,1e-04,0.01253,1.68,5.79310344827586,0,296.319,55000,6.8e-11,0.194984459975805,0,0,0,0,0,0,0,0,NA,0,0,0,0,0,0,0,0,8.85,0.004166667,0,NA,0.97
118.075664006322,0.00386497618663575,0.0229656005828743,0.0117238285789914,0.0039425380954369,0.0015014936947576,0.135163987066898,0.507858946164157,0.0191672529350595,0.16594231204878,0.0424255290558634,0.0145752444999267,1.57055997316992,0.14321465912466,0.230570573390748,0.0219864309939115,0.0299652314058798,0.0172621330655761,0.0443383749978357,0.130886833150925,0.107743794663335,0.0186902525887351,0.0274965820095965,0.04,2,2.9,1,1,0.94,0.63,0,0.045,0.02,0.139,0.792,0.02,0.049,0.179,0.727,0.013,0.038,0.173,0.776,0.047,0.051,0.169,0.734,0.043,0.067,0.08,0.79,0.794,0,0.057,0.157,0.005,0.006,0.172,0.782,0.017,0.003,0.193,0.328,0.015,0.036,0.125,0.84,0.005,0.011,0.168,0.804,NA,NA,NA,NA,NA,NA,NA,NA,1,1,1,1,0.61,1e-04,0.01253,1.68,5.79310344827586,0,296.319,55000,6.8e-11,0.194984459975805,0,0,0,0,0,0,0,0,NA,0,0,0,0,0,0,0,0,8.85,0.004166667,0,NA,0.97
91.0636404749024,0.00399536330189341,0.0212964461257528,0.0110013369388415,0.00373713777662051,0.00521862033962923,0.198371876922829,0.453254688283923,0.0179899460628152,0.144914498788083,0.0384659381814186,0.00590383850391446,5.28208949983934,0.0946263516792054,0.207536813595177,0.0272309182247899,0.0421971704209704,0.045458183268372,0.0549121947546934,0.265757162443468,0.0475138945047609,0.018077069184082,0.0868164016665588,0.04,2,2.9,1,1,0.94,0.63,0,0.045,0.02,0.139,0.792,0.02,0.049,0.179,0.727,0.013,0.038,0.173,0.776,0.047,0.051,0.169,0.734,0.043,0.067,0.08,0.79,0.794,0,0.057,0.157,0.005,0.006,0.172,0.782,0.017,0.003,0.193,0.328,0.015,0.036,0.125,0.84,0.005,0.011,0.168,0.804,NA,NA,NA,NA,NA,NA,NA,NA,1,1,1,1,0.61,1e-04,0.01253,1.68,5.79310344827586,0,296.319,55000,6.8e-11,0.194984459975805,0,0,0,0,0,0,0,0,NA,0,0,0,0,0,0,0,0,8.85,0.004166667,0,NA,0.97
120.845871723416,0.00378027524023112,0.0288666973459912,0.00936451962750715,0.00453381265092565,0.00443401928749159,0.185814523720389,0.452064913407201,0.0245487831911435,0.157135981368817,0.035220652407331,0.0061054274908883,4.24519520302674,0.0923349105813098,0.3297304386805,0.0386596502809135,0.0488717219513951,0.0188787352009612,0.0453026541285099,0.34241568604894,0.0672433382575546,0.0206667176271372,0.071787639418432,0.04,2,2.9,1,1,0.94,0.63,0,0.045,0.02,0.139,0.792,0.02,0.049,0.179,0.727,0.013,0.038,0.173,0.776,0.047,0.051,0.169,0.734,0.043,0.067,0.08,0.79,0.794,0,0.057,0.157,0.005,0.006,0.172,0.782,0.017,0.003,0.193,0.328,0.015,0.036,0.125,0.84,0.005,0.011,0.168,0.804,NA,NA,NA,NA,NA,NA,NA,NA,1,1,1,1,0.61,1e-04,0.01253,1.68,5.79310344827586,0,296.319,55000,6.8e-11,0.194984459975805,0,0,0,0,0,0,0,0,NA,0,0,0,0,0,0,0,0,8.85,0.004166667,0,NA,0.97
108.376928296727,0.00418692089006459,0.0149921880482639,0.00973428292749968,0.00369574930658,0.000456747965835276,0.19191089774504,0.436316527902682,0.0180735867757937,0.162835780699093,0.0370161199509397,0.0155049563599668,6.59944255021074,0.117529067603335,0.1993168391054,0.0180053291547144,0.0468903677756555,0.00513713378783101,0.107145961971379,0.204608714891625,0.0769194184601675,0.0168793534621013,0.0486647097472088,0.04,2,2.9,1,1,0.94,0.63,0,0.045,0.02,0.139,0.792,0.02,0.049,0.179,0.727,0.013,0.038,0.173,0.776,0.047,0.051,0.169,0.734,0.043,0.067,0.08,0.79,0.794,0,0.057,0.157,0.005,0.006,0.172,0.782,0.017,0.003,0.193,0.328,0.015,0.036,0.125,0.84,0.005,0.011,0.168,0.804,NA,NA,NA,NA,NA,NA,NA,NA,1,1,1,1,0.61,1e-04,0.01253,1.68,5.79310344827586,0,296.319,55000,6.8e-11,0.194984459975805,0,0,0,0,0,0,0,0,NA,0,0,0,0,0,0,0,0,8.85,0.004166667,0,NA,0.97
138.724115767768,0.00374768343990153,0.0172714951373343,0.0115944262025705,0.00443237937754694,0.00209202933302643,0.133911899728507,0.460639763957832,0.0261783033069927,0.154715693704735,0.0355662916521957,0.0203245993407887,3.75094741303598,0.104183701058007,0.423787126897506,0.0224254334412635,0.0504832939428956,0.0208948724281216,0.0332189846098229,0.212389812112817,0.0660328860472887,0.0177458008734448,0.090991589927763,0.04,2,2.9,1,1,0.94,0.63,0,0.045,0.02,0.139,0.792,0.02,0.049,0.179,0.727,0.013,0.038,0.173,0.776,0.047,0.051,0.169,0.734,0.043,0.067,0.08,0.79,0.794,0,0.057,0.157,0.005,0.006,0.172,0.782,0.017,0.003,0.193,0.328,0.015,0.036,0.125,0.84,0.005,0.011,0.168,0.804,NA,NA,NA,NA,NA,NA,NA,NA,1,1,1,1,0.61,1e-04,0.01253,1.68,5.79310344827586,0,296.319,55000,6.8e-11,0.194984459975805,0,0,0,0,0,0,0,0,NA,0,0,0,0,0,0,0,0,8.85,0.004166667,0,NA,0.97
166.356207457041,0.00350814389341963,0.022441001111046,0.00915293426168891,0.00406198235844403,0.00121442591025261,0.174348851833101,0.47352884696664,0.0338895503226834,0.138640236145244,0.0337710985912049,0.0333330718349543,1.65130225285474,0.12500671625477,0.351942332991883,0.0257672524935343,0.0420177001501812,0.0111878869150081,0.0630938112255419,0.247568154449201,0.0413278548474115,0.0165105629665624,0.0575849546334343,0.04,2,2.9,1,1,0.94,0.63,0,0.045,0.02,0.139,0.792,0.02,0.049,0.179,0.727,0.013,0.038,0.173,0.776,0.047,0.051,0.169,0.734,0.043,0.067,0.08,0.79,0.794,0,0.057,0.157,0.005,0.006,0.172,0.782,0.017,0.003,0.193,0.328,0.015,0.036,0.125,0.84,0.005,0.011,0.168,0.804,NA,NA,NA,NA,NA,NA,NA,NA,1,1,1,1,0.61,1e-04,0.01253,1.68,5.79310344827586,0,296.319,55000,6.8e-11,0.194984459975805,0,0,0,0,0,0,0,0,NA,0,0,0,0,0,0,0,0,8.85,0.004166667,0,NA,0.97
92.2816847932564,0.00448492408123748,0.0175517158139487,0.00987714838425555,0.00316878464920979,0.000481062476257258,0.148505452730299,0.465110944076302,0.0168460165484926,0.146144605365465,0.0355527756418089,0.00581398952844526,6.08494664042844,0.123403237390716,0.206999356463972,0.0282882401421581,0.0372899855490444,0.00953584861331971,0.0757067940557042,0.342453340745523,0.0521216184975471,0.0174704496572031,0.0872211963395145,0.04,2,2.9,1,1,0.94,0.63,0,0.045,0.02,0.139,0.792,0.02,0.049,0.179,0.727,0.013,0.038,0.173,0.776,0.047,0.051,0.169,0.734,0.043,0.067,0.08,0.79,0.794,0,0.057,0.157,0.005,0.006,0.172,0.782,0.017,0.003,0.193,0.328,0.015,0.036,0.125,0.84,0.005,0.011,0.168,0.804,NA,NA,NA,NA,NA,NA,NA,NA,1,1,1,1,0.61,1e-04,0.01253,1.68,5.79310344827586,0,296.319,55000,6.8e-11,0.194984459975805,0,0,0,0,0,0,0,0,NA,0,0,0,0,0,0,0,0,8.85,0.004166667,0,NA,0.97
107.015682476631,0.00369780142354276,0.0170232321466384,0.0104523775632165,0.00364641608168873,0.00582232227721531,0.100640594991783,0.424581321431102,0.0340361669023551,0.169110550525197,0.0397792997579341,0.00576481346013783,3.33515508231714,0.145236599151483,0.208635241807107,0.0305510893297747,0.0415942898988049,0.014135616961368,0.0990677858270667,0.20479956266143,0.0433974500364274,0.0194979850225942,0.077540929630111,0.04,2,2.9,1,1,0.94,0.63,0,0.045,0.02,0.139,0.792,0.02,0.049,0.179,0.727,0.013,0.038,0.173,0.776,0.047,0.051,0.169,0.734,0.043,0.067,0.08,0.79,0.794,0,0.057,0.157,0.005,0.006,0.172,0.782,0.017,0.003,0.193,0.328,0.015,0.036,0.125,0.84,0.005,0.011,0.168,0.804,NA,NA,NA,NA,NA,NA,NA,NA,1,1,1,1,0.61,1e-04,0.01253,1.68,5.79310344827586,0,296.319,55000,6.8e-11,0.194984459975805,0,0,0,0,0,0,0,0,NA,0,0,0,0,0,0,0,0,8.85,0.004166667,0,NA,0.97
106.999757715629,0.00433802333326049,0.016878298215979,0.0112848719229619,0.00460429112122421,0.0013986247974687,0.173753217895923,0.503529029019371,0.0194967524495517,0.12906109498905,0.0410780334558913,0.00727027724059746,6.19907936513184,0.0888545755063535,0.293223335293547,0.039808885237098,0.0643064195694128,0.00789067959480714,0.0560747007744357,0.176609667092424,0.0472497075446252,0.01905436639829,0.049160310491636,0.04,2,2.9,1,1,0.94,0.63,0,0.045,0.02,0.139,0.792,0.02,0.049,0.179,0.727,0.013,0.038,0.173,0.776,0.047,0.051,0.169,0.734,0.043,0.067,0.08,0.79,0.794,0,0.057,0.157,0.005,0.006,0.172,0.782,0.017,0.003,0.193,0.328,0.015,0.036,0.125,0.84,0.005,0.011,0.168,0.804,NA,NA,NA,NA,NA,NA,NA,NA,1,1,1,1,0.61,1e-04,0.01253,1.68,5.79310344827586,0,296.319,55000,6.8e-11,0.194984459975805,0,0,0,0,0,0,0,0,NA,0,0,0,0,0,0,0,0,8.85,0.004166667,0,NA,0.97
122.150011935142,0.00439390340556339,0.0191793763791009,0.010266599385783,0.00442427639918954,0.00246290028811762,0.149173276367014,0.446543202665315,0.0272508072047713,0.145725939224841,0.0405038107773711,0.0200220521019512,3.85071514872451,0.0985825678078126,0.222349285506258,0.00766162395110428,0.027742289591446,0.00966865150277193,0.0664148936314158,0.24181727218922,0.0106707566096241,0.0158448313706379,0.0571600448891574,0.04,2,2.9,1,1,0.94,0.63,0,0.045,0.02,0.139,0.792,0.02,0.049,0.179,0.727,0.013,0.038,0.173,0.776,0.047,0.051,0.169,0.734,0.043,0.067,0.08,0.79,0.794,0,0.057,0.157,0.005,0.006,0.172,0.782,0.017,0.003,0.193,0.328,0.015,0.036,0.125,0.84,0.005,0.011,0.168,0.804,NA,NA,NA,NA,NA,NA,NA,NA,1,1,1,1,0.61,1e-04,0.01253,1.68,5.79310344827586,0,296.319,55000,6.8e-11,0.194984459975805,0,0,0,0,0,0,0,0,NA,0,0,0,0,0,0,0,0,8.85,0.004166667,0,NA,0.97
84.445466641826,0.00354656698067907,0.0204401877115002,0.00974536685557352,0.00369300691193798,0.00194543924858223,0.186318527331993,0.432998141177168,0.0293199405576779,0.136179647048779,0.0468867631154952,0.0124626954665658,3.95862404809173,0.132414607191947,0.329717968832332,0.0150005926731325,0.0550240753202241,0.021125526221231,0.087010618902805,0.133371096237987,0.0716578232256741,0.0166352120718552,0.062293259830308,0.04,2,2.9,1,1,0.94,0.63,0,0.045,0.02,0.139,0.792,0.02,0.049,0.179,0.727,0.013,0.038,0.173,0.776,0.047,0.051,0.169,0.734,0.043,0.067,0.08,0.79,0.794,0,0.057,0.157,0.005,0.006,0.172,0.782,0.017,0.003,0.193,0.328,0.015,0.036,0.125,0.84,0.005,0.011,0.168,0.804,NA,NA,NA,NA,NA,NA,NA,NA,1,1,1,1,0.61,1e-04,0.01253,1.68,5.79310344827586,0,296.319,55000,6.8e-11,0.194984459975805,0,0,0,0,0,0,0,0,NA,0,0,0,0,0,0,0,0,8.85,0.004166667,0,NA,0.97
111.483616441227,0.00388653736215962,0.0190176259485763,0.0104063356231103,0.00358966285896773,0.00051976535769457,0.151006888537372,0.458252926882548,0.0374457034956809,0.16534275677179,0.0402476094579853,0.0228254972112497,3.34766485460871,0.139918092158383,0.449089689761785,0.01328164481298,0.0452684419194318,0.0145314053894932,0.058561809921934,0.184267962282124,0.0827588611706243,0.0129655803280204,0.0755556205584944,0.04,2,2.9,1,1,0.94,0.63,0,0.045,0.02,0.139,0.792,0.02,0.049,0.179,0.727,0.013,0.038,0.173,0.776,0.047,0.051,0.169,0.734,0.043,0.067,0.08,0.79,0.794,0,0.057,0.157,0.005,0.006,0.172,0.782,0.017,0.003,0.193,0.328,0.015,0.036,0.125,0.84,0.005,0.011,0.168,0.804,NA,NA,NA,NA,NA,NA,NA,NA,1,1,1,1,0.61,1e-04,0.01253,1.68,5.79310344827586,0,296.319,55000,6.8e-11,0.194984459975805,0,0,0,0,0,0,0,0,NA,0,0,0,0,0,0,0,0,8.85,0.004166667,0,NA,0.97
150.786430859852,0.00409581140798443,0.0244661071151241,0.00885334268072631,0.00408538310152804,0.00100422909805513,0.181521809470485,0.439935723942627,0.0411565168768171,0.14724279981825,0.0411662338324229,0.0104038553413699,4.41619877079261,0.0947795209339444,0.168491056714967,0.0107442375776182,0.0393964031824342,0.00399305311667095,0.0619234822345383,0.240945993670115,0.0621673331142217,0.0165267681798156,0.0213164096255928,0.04,2,2.9,1,1,0.94,0.63,0,0.045,0.02,0.139,0.792,0.02,0.049,0.179,0.727,0.013,0.038,0.173,0.776,0.047,0.051,0.169,0.734,0.043,0.067,0.08,0.79,0.794,0,0.057,0.157,0.005,0.006,0.172,0.782,0.017,0.003,0.193,0.328,0.015,0.036,0.125,0.84,0.005,0.011,0.168,0.804,NA,NA,NA,NA,NA,NA,NA,NA,1,1,1,1,0.61,1e-04,0.01253,1.68,5.79310344827586,0,296.319,55000,6.8e-11,0.194984459975805,0,0,0,0,0,0,0,0,NA,0,0,0,0,0,0,0,0,8.85,0.004166667,0,NA,0.97
95.5920638780267,0.0045818565914611,0.0189269581095633,0.0106312338672449,0.00405295665272759,0.00154312349153924,0.101639680074698,0.43964796909407,0.0297987966581981,0.142784562752001,0.0439026430363895,0.0159698776702599,2.64396871072899,0.151848841429094,0.329036804421397,0.0195607297455889,0.106128265362492,0.0104593595058254,0.0414193037160414,0.261294546242475,0.061634660708924,0.0166131979482294,0.0396603213158796,0.04,2,2.9,1,1,0.94,0.63,0,0.045,0.02,0.139,0.792,0.02,0.049,0.179,0.727,0.013,0.038,0.173,0.776,0.047,0.051,0.169,0.734,0.043,0.067,0.08,0.79,0.794,0,0.057,0.157,0.005,0.006,0.172,0.782,0.017,0.003,0.193,0.328,0.015,0.036,0.125,0.84,0.005,0.011,0.168,0.804,NA,NA,NA,NA,NA,NA,NA,NA,1,1,1,1,0.61,1e-04,0.01253,1.68,5.79310344827586,0,296.319,55000,6.8e-11,0.194984459975805,0,0,0,0,0,0,0,0,NA,0,0,0,0,0,0,0,0,8.85,0.004166667,0,NA,0.97
124.915707115999,0.00397087464446237,0.0170751761731284,0.00770373523507963,0.0043760094364651,0.00363155142444899,0.128333059360705,0.431050051835807,0.0301686705917068,0.147942699569293,0.0423396394127499,0.008911848694097,5.35514752369771,0.0910344945528972,0.272288446130497,0.0207345250376667,0.0491698611645859,0.0140407248601546,0.0600679860626947,0.22980030239179,0.061765346293095,0.0147402234543403,0.0285500720068977,0.04,2,2.9,1,1,0.94,0.63,0,0.045,0.02,0.139,0.792,0.02,0.049,0.179,0.727,0.013,0.038,0.173,0.776,0.047,0.051,0.169,0.734,0.043,0.067,0.08,0.79,0.794,0,0.057,0.157,0.005,0.006,0.172,0.782,0.017,0.003,0.193,0.328,0.015,0.036,0.125,0.84,0.005,0.011,0.168,0.804,NA,NA,NA,NA,NA,NA,NA,NA,1,1,1,1,0.61,1e-04,0.01253,1.68,5.79310344827586,0,296.319,55000,6.8e-11,0.194984459975805,0,0,0,0,0,0,0,0,NA,0,0,0,0,0,0,0,0,8.85,0.004166667,0,NA,0.97
136.641472964956,0.00413601912494068,0.0286035444074192,0.00854341279524783,0.00435130498672935,0.00989714837293414,0.127982019367454,0.481006754067311,0.0363185033303303,0.166264275176309,0.030509655188829,0.00604813225312101,7.06967134739567,0.0812842481707333,0.238023978166005,0.0111008310500127,0.0241976387317957,0.0258083273194302,0.0685191776021606,0.257084105083534,0.0328459192809555,0.014398398456441,0.0414321810893738,0.04,2,2.9,1,1,0.94,0.63,0,0.045,0.02,0.139,0.792,0.02,0.049,0.179,0.727,0.013,0.038,0.173,0.776,0.047,0.051,0.169,0.734,0.043,0.067,0.08,0.79,0.794,0,0.057,0.157,0.005,0.006,0.172,0.782,0.017,0.003,0.193,0.328,0.015,0.036,0.125,0.84,0.005,0.011,0.168,0.804,NA,NA,NA,NA,NA,NA,NA,NA,1,1,1,1,0.61,1e-04,0.01253,1.68,5.79310344827586,0,296.319,55000,6.8e-11,0.194984459975805,0,0,0,0,0,0,0,0,NA,0,0,0,0,0,0,0,0,8.85,0.004166667,0,NA,0.97
137.330732518258,0.0045910900272622,0.0226226290461942,0.0111858616736508,0.00469086425998962,0.00305597400544623,0.102851225691259,0.463575805372002,0.0166727767845258,0.135742404131879,0.0381259707964552,0.0188950543705425,4.72787328073981,0.119230329859969,0.324236435800677,0.01461664556729,0.059312812140487,0.0227970486895576,0.0614246641857836,0.279052893128308,0.0664948242511713,0.0196705385858078,0.0590499347969472,0.04,2,2.9,1,1,0.94,0.63,0,0.045,0.02,0.139,0.792,0.02,0.049,0.179,0.727,0.013,0.038,0.173,0.776,0.047,0.051,0.169,0.734,0.043,0.067,0.08,0.79,0.794,0,0.057,0.157,0.005,0.006,0.172,0.782,0.017,0.003,0.193,0.328,0.015,0.036,0.125,0.84,0.005,0.011,0.168,0.804,NA,NA,NA,NA,NA,NA,NA,NA,1,1,1,1,0.61,1e-04,0.01253,1.68,5.79310344827586,0,296.319,55000,6.8e-11,0.194984459975805,0,0,0,0,0,0,0,0,NA,0,0,0,0,0,0,0,0,8.85,0.004166667,0,NA,0.97
159.087026410075,0.0038211647691508,0.0215200720145874,0.010692670090109,0.00420836375949239,0.000748303863811243,0.132861987609616,0.476618058145078,0.0202201556039575,0.145230315447251,0.0334971506902271,0.0267471778396059,1.34128846747104,0.109994805703664,0.24402288179618,0.0093588849907026,0.0602057302584191,0.0122307444263249,0.0481474125834446,0.270993228696751,0.0205369563373375,0.0161267751455033,0.0680646699564264,0.04,2,2.9,1,1,0.94,0.63,0,0.045,0.02,0.139,0.792,0.02,0.049,0.179,0.727,0.013,0.038,0.173,0.776,0.047,0.051,0.169,0.734,0.043,0.067,0.08,0.79,0.794,0,0.057,0.157,0.005,0.006,0.172,0.782,0.017,0.003,0.193,0.328,0.015,0.036,0.125,0.84,0.005,0.011,0.168,0.804,NA,NA,NA,NA,NA,NA,NA,NA,1,1,1,1,0.61,1e-04,0.01253,1.68,5.79310344827586,0,296.319,55000,6.8e-11,0.194984459975805,0,0,0,0,0,0,0,0,NA,0,0,0,0,0,0,0,0,8.85,0.004166667,0,NA,0.97
123.214919741662,0.00409450205283567,0.0208337875161382,0.0109327425030512,0.00364834393848151,0.00317137609542528,0.193881873126606,0.505428588242994,0.0334879711108618,0.129243737631098,0.0332698172092232,0.0108445346160046,3.08969628735098,0.122711637318014,0.274858698051721,0.014588314885477,0.0555399216759494,0.015783057096747,0.0522739246613771,0.329752816822954,0.0366239329101973,0.0149915238038809,0.0611175436492614,0.04,2,2.9,1,1,0.94,0.63,0,0.045,0.02,0.139,0.792,0.02,0.049,0.179,0.727,0.013,0.038,0.173,0.776,0.047,0.051,0.169,0.734,0.043,0.067,0.08,0.79,0.794,0,0.057,0.157,0.005,0.006,0.172,0.782,0.017,0.003,0.193,0.328,0.015,0.036,0.125,0.84,0.005,0.011,0.168,0.804,NA,NA,NA,NA,NA,NA,NA,NA,1,1,1,1,0.61,1e-04,0.01253,1.68,5.79310344827586,0,296.319,55000,6.8e-11,0.194984459975805,0,0,0,0,0,0,0,0,NA,0,0,0,0,0,0,0,0,8.85,0.004166667,0,NA,0.97
134.473824465462,0.00364875392838635,0.0170965843854674,0.00949253823491464,0.00362495283907798,0.00104277407731673,0.137842115644233,0.450830380587958,0.0224004743725582,0.147229603837176,0.0373224071864905,0.00371582196523628,4.11873453538085,0.123989761997751,0.305006704260318,0.0179833192075882,0.0319499968718477,0.00828691777929066,0.0861393254374923,0.171979452018585,0.0572535825785037,0.0159324874517831,0.0427758089782991,0.04,2,2.9,1,1,0.94,0.63,0,0.045,0.02,0.139,0.792,0.02,0.049,0.179,0.727,0.013,0.038,0.173,0.776,0.047,0.051,0.169,0.734,0.043,0.067,0.08,0.79,0.794,0,0.057,0.157,0.005,0.006,0.172,0.782,0.017,0.003,0.193,0.328,0.015,0.036,0.125,0.84,0.005,0.011,0.168,0.804,NA,NA,NA,NA,NA,NA,NA,NA,1,1,1,1,0.61,1e-04,0.01253,1.68,5.79310344827586,0,296.319,55000,6.8e-11,0.194984459975805,0,0,0,0,0,0,0,0,NA,0,0,0,0,0,0,0,0,8.85,0.004166667,0,NA,0.97
143.056272504399,0.00434305865199591,0.0334692563624577,0.0108560335714341,0.00404477297166452,0.00730431430388092,0.150067603719894,0.445791550885097,0.0388314147474421,0.162463345139303,0.0424990794679734,0.0098439351035179,2.64996864306053,0.121520563122194,0.169998752050673,0.0079976980889409,0.0388914179206159,0.00446690965355169,0.0604943800808585,0.272326207120094,0.0156419691565905,0.0180476171801666,0.0211195264821729,0.04,2,2.9,1,1,0.94,0.63,0,0.045,0.02,0.139,0.792,0.02,0.049,0.179,0.727,0.013,0.038,0.173,0.776,0.047,0.051,0.169,0.734,0.043,0.067,0.08,0.79,0.794,0,0.057,0.157,0.005,0.006,0.172,0.782,0.017,0.003,0.193,0.328,0.015,0.036,0.125,0.84,0.005,0.011,0.168,0.804,NA,NA,NA,NA,NA,NA,NA,NA,1,1,1,1,0.61,1e-04,0.01253,1.68,5.79310344827586,0,296.319,55000,6.8e-11,0.194984459975805,0,0,0,0,0,0,0,0,NA,0,0,0,0,0,0,0,0,8.85,0.004166667,0,NA,0.97
116.273335480131,0.00418403977514205,0.0190931958271936,0.011038653925869,0.00414250243570514,0.00420155269769006,0.119318968429952,0.457455241030197,0.0328311495178661,0.148289632447193,0.0397427875112341,0.020178337838766,3.42750822454197,0.135548083101158,0.259048606101104,0.0203619410913498,0.0814788164582186,0.0407900840552911,0.0732542920756705,0.15474690490704,0.0257175956151376,0.0192669678798021,0.0981677392322003,0.04,2,2.9,1,1,0.94,0.63,0,0.045,0.02,0.139,0.792,0.02,0.049,0.179,0.727,0.013,0.038,0.173,0.776,0.047,0.051,0.169,0.734,0.043,0.067,0.08,0.79,0.794,0,0.057,0.157,0.005,0.006,0.172,0.782,0.017,0.003,0.193,0.328,0.015,0.036,0.125,0.84,0.005,0.011,0.168,0.804,NA,NA,NA,NA,NA,NA,NA,NA,1,1,1,1,0.61,1e-04,0.01253,1.68,5.79310344827586,0,296.319,55000,6.8e-11,0.194984459975805,0,0,0,0,0,0,0,0,NA,0,0,0,0,0,0,0,0,8.85,0.004166667,0,NA,0.97
113.124972939322,0.00358774196845179,0.0221565239433328,0.0104687809410225,0.00339999864545387,0.0021699483396363,0.253726180454814,0.509867738767794,0.035703715388412,0.164967584339067,0.0430668680918966,0.0320587729277345,4.95441437427491,0.105209975758242,0.271577268096032,0.0288754205820721,0.0889491646554527,0.0171271852151564,0.0451460243778386,0.331171970481011,0.0605774469987849,0.0153031904715897,0.0634015778435308,0.04,2,2.9,1,1,0.94,0.63,0,0.045,0.02,0.139,0.792,0.02,0.049,0.179,0.727,0.013,0.038,0.173,0.776,0.047,0.051,0.169,0.734,0.043,0.067,0.08,0.79,0.794,0,0.057,0.157,0.005,0.006,0.172,0.782,0.017,0.003,0.193,0.328,0.015,0.036,0.125,0.84,0.005,0.011,0.168,0.804,NA,NA,NA,NA,NA,NA,NA,NA,1,1,1,1,0.61,1e-04,0.01253,1.68,5.79310344827586,0,296.319,55000,6.8e-11,0.194984459975805,0,0,0,0,0,0,0,0,NA,0,0,0,0,0,0,0,0,8.85,0.004166667,0,NA,0.97
176.779250252314,0.00500894563579955,0.0201678579961383,0.0101434896894529,0.00350511686946908,0.00774785108924094,0.15658788223566,0.439730657442515,0.0322098715906207,0.155034470556262,0.0433998960953808,0.028576083043088,0.212103737207266,0.118614559501044,0.264675413398642,0.0323475950828499,0.0250996940075867,0.0127227870727282,0.087670247000095,0.349522136853219,0.045406710457397,0.0148632668749201,0.0145368869485523,0.04,2,2.9,1,1,0.94,0.63,0,0.045,0.02,0.139,0.792,0.02,0.049,0.179,0.727,0.013,0.038,0.173,0.776,0.047,0.051,0.169,0.734,0.043,0.067,0.08,0.79,0.794,0,0.057,0.157,0.005,0.006,0.172,0.782,0.017,0.003,0.193,0.328,0.015,0.036,0.125,0.84,0.005,0.011,0.168,0.804,NA,NA,NA,NA,NA,NA,NA,NA,1,1,1,1,0.61,1e-04,0.01253,1.68,5.79310344827586,0,296.319,55000,6.8e-11,0.194984459975805,0,0,0,0,0,0,0,0,NA,0,0,0,0,0,0,0,0,8.85,0.004166667,0,NA,0.97
141.225157736887,0.00386386032004393,0.0248348112488441,0.00887798598890115,0.00420293891752769,0.00170668725190888,0.105026538800829,0.431320751369838,0.0390778633561717,0.149688348867898,0.0274140514314918,0.00840058276506265,6.52326659175877,0.10803725347722,0.483735763901412,0.0352773264556778,0.0450873850919341,0.00673419531335278,0.0898263529513459,0.176832677659027,0.0410826884022198,0.0171654761141767,0.0861640703313337,0.04,2,2.9,1,1,0.94,0.63,0,0.045,0.02,0.139,0.792,0.02,0.049,0.179,0.727,0.013,0.038,0.173,0.776,0.047,0.051,0.169,0.734,0.043,0.067,0.08,0.79,0.794,0,0.057,0.157,0.005,0.006,0.172,0.782,0.017,0.003,0.193,0.328,0.015,0.036,0.125,0.84,0.005,0.011,0.168,0.804,NA,NA,NA,NA,NA,NA,NA,NA,1,1,1,1,0.61,1e-04,0.01253,1.68,5.79310344827586,0,296.319,55000,6.8e-11,0.194984459975805,0,0,0,0,0,0,0,0,NA,0,0,0,0,0,0,0,0,8.85,0.004166667,0,NA,0.97
137.754514984212,0.00446013086994702,0.0151403512275317,0.00989116218900398,0.00434996276545276,0.00193032992909336,0.226700487294933,0.446364148108491,0.0317260717536225,0.148556856773684,0.0389934674885858,0.014860115435384,4.32856638022921,0.137882519922178,0.226602603706584,0.00480900734397684,0.0396605174769342,0.00679378904979112,0.0681184002498542,0.211518219141398,0.0943252645657737,0.0151199943320051,0.0905051479453605,0.04,2,2.9,1,1,0.94,0.63,0,0.045,0.02,0.139,0.792,0.02,0.049,0.179,0.727,0.013,0.038,0.173,0.776,0.047,0.051,0.169,0.734,0.043,0.067,0.08,0.79,0.794,0,0.057,0.157,0.005,0.006,0.172,0.782,0.017,0.003,0.193,0.328,0.015,0.036,0.125,0.84,0.005,0.011,0.168,0.804,NA,NA,NA,NA,NA,NA,NA,NA,1,1,1,1,0.61,1e-04,0.01253,1.68,5.79310344827586,0,296.319,55000,6.8e-11,0.194984459975805,0,0,0,0,0,0,0,0,NA,0,0,0,0,0,0,0,0,8.85,0.004166667,0,NA,0.97
122.418368701331,0.00377740525831605,0.0139726253897703,0.0116600276865513,0.00378443063294855,0.00131303076939888,0.157146910152365,0.459439573627951,0.0287096879516014,0.182053623042627,0.0453708089314958,0.0125201945193166,4.00773882899021,0.117621500059828,0.299852203563116,0.0185487356939401,0.0317917529480023,0.0135204726504042,0.0576538360206527,0.250472242578188,0.0389491171711625,0.0150878052843958,0.0239411247296879,0.04,2,2.9,1,1,0.94,0.63,0,0.045,0.02,0.139,0.792,0.02,0.049,0.179,0.727,0.013,0.038,0.173,0.776,0.047,0.051,0.169,0.734,0.043,0.067,0.08,0.79,0.794,0,0.057,0.157,0.005,0.006,0.172,0.782,0.017,0.003,0.193,0.328,0.015,0.036,0.125,0.84,0.005,0.011,0.168,0.804,NA,NA,NA,NA,NA,NA,NA,NA,1,1,1,1,0.61,1e-04,0.01253,1.68,5.79310344827586,0,296.319,55000,6.8e-11,0.194984459975805,0,0,0,0,0,0,0,0,NA,0,0,0,0,0,0,0,0,8.85,0.004166667,0,NA,0.97
151.380813302035,0.00408570331626685,0.0195288982664796,0.00995475897173703,0.00409899522484606,0.00351111747447293,0.106570802380592,0.487832610014045,0.0299207376566691,0.160956891143918,0.0390068163126183,0.00379376973920325,2.73220414447794,0.144772880859827,0.306112992030299,0.0142550483306708,0.0648535504416846,0.0160953713688199,0.0866609144323709,0.127926254655932,0.0717522740932005,0.0167316228282825,0.0279526520809942,0.04,2,2.9,1,1,0.94,0.63,0,0.045,0.02,0.139,0.792,0.02,0.049,0.179,0.727,0.013,0.038,0.173,0.776,0.047,0.051,0.169,0.734,0.043,0.067,0.08,0.79,0.794,0,0.057,0.157,0.005,0.006,0.172,0.782,0.017,0.003,0.193,0.328,0.015,0.036,0.125,0.84,0.005,0.011,0.168,0.804,NA,NA,NA,NA,NA,NA,NA,NA,1,1,1,1,0.61,1e-04,0.01253,1.68,5.79310344827586,0,296.319,55000,6.8e-11,0.194984459975805,0,0,0,0,0,0,0,0,NA,0,0,0,0,0,0,0,0,8.85,0.004166667,0,NA,0.97
114.799029078483,0.0039547633503101,0.0208007703125089,0.0109953478574319,0.0047938991503196,0.00151440827550697,0.158032500195757,0.463821570552929,0.0284594967997098,0.152296798154081,0.0461044133424876,0.00810501697402533,7.77338260904003,0.0851824694391109,0.342772419589029,0.0289676458223312,0.0469798244629996,0.0146083205858181,0.112091815997209,0.18274705826485,0.0231395369978077,0.0156011898445234,0.0208626566637062,0.04,2,2.9,1,1,0.94,0.63,0,0.045,0.02,0.139,0.792,0.02,0.049,0.179,0.727,0.013,0.038,0.173,0.776,0.047,0.051,0.169,0.734,0.043,0.067,0.08,0.79,0.794,0,0.057,0.157,0.005,0.006,0.172,0.782,0.017,0.003,0.193,0.328,0.015,0.036,0.125,0.84,0.005,0.011,0.168,0.804,NA,NA,NA,NA,NA,NA,NA,NA,1,1,1,1,0.61,1e-04,0.01253,1.68,5.79310344827586,0,296.319,55000,6.8e-11,0.194984459975805,0,0,0,0,0,0,0,0,NA,0,0,0,0,0,0,0,0,8.85,0.004166667,0,NA,0.97
53.1051475558207,0.00339228809785204,0.0245705101180554,0.00892777612872495,0.00392299907078971,0.00541557803779061,0.11058619460752,0.514110258991365,0.0432984117905003,0.145619448461169,0.0415742277210971,0.0270784982841873,1.82599482448076,0.0783733719217727,0.257121229974832,0.00626048539780371,0.0392915905635415,0.020990719774798,0.079673933155537,0.272784858809863,0.0789952332010448,0.0169988039424249,0.0188408103130362,0.04,2,2.9,1,1,0.94,0.63,0,0.045,0.02,0.139,0.792,0.02,0.049,0.179,0.727,0.013,0.038,0.173,0.776,0.047,0.051,0.169,0.734,0.043,0.067,0.08,0.79,0.794,0,0.057,0.157,0.005,0.006,0.172,0.782,0.017,0.003,0.193,0.328,0.015,0.036,0.125,0.84,0.005,0.011,0.168,0.804,NA,NA,NA,NA,NA,NA,NA,NA,1,1,1,1,0.61,1e-04,0.01253,1.68,5.79310344827586,0,296.319,55000,6.8e-11,0.194984459975805,0,0,0,0,0,0,0,0,NA,0,0,0,0,0,0,0,0,8.85,0.004166667,0,NA,0.97
115.086356735397,0.00407285408837433,0.0155144393745026,0.0106350848334101,0.00465586852722501,0.00215382254880652,0.173533746102271,0.467742020891913,0.0277194640292481,0.143499380207419,0.0378583304337546,0.0207608550146759,3.11997588251767,0.149553875003236,0.362231110588291,0.0523634079598778,0.0822031676158508,0.0240204185745154,0.0744430452678201,0.407581889134079,0.0469113262554349,0.0145495275974772,0.0478698432420118,0.04,2,2.9,1,1,0.94,0.63,0,0.045,0.02,0.139,0.792,0.02,0.049,0.179,0.727,0.013,0.038,0.173,0.776,0.047,0.051,0.169,0.734,0.043,0.067,0.08,0.79,0.794,0,0.057,0.157,0.005,0.006,0.172,0.782,0.017,0.003,0.193,0.328,0.015,0.036,0.125,0.84,0.005,0.011,0.168,0.804,NA,NA,NA,NA,NA,NA,NA,NA,1,1,1,1,0.61,1e-04,0.01253,1.68,5.79310344827586,0,296.319,55000,6.8e-11,0.194984459975805,0,0,0,0,0,0,0,0,NA,0,0,0,0,0,0,0,0,8.85,0.004166667,0,NA,0.97
101.039655751699,0.00426848312678563,0.0202574124146346,0.00961365277676002,0.00409094957172892,0.0044157841143376,0.152570144154945,0.436070902097722,0.0396322580908557,0.156387955883481,0.0334076829424285,0.0034524129166616,4.01186958894991,0.121462563747436,0.323339469389251,0.03400160241827,0.0316410921617349,0.0122677263062355,0.0438429454431287,0.339216799510021,0.058890149361938,0.0170351430356266,0.07836779786959,0.04,2,2.9,1,1,0.94,0.63,0,0.045,0.02,0.139,0.792,0.02,0.049,0.179,0.727,0.013,0.038,0.173,0.776,0.047,0.051,0.169,0.734,0.043,0.067,0.08,0.79,0.794,0,0.057,0.157,0.005,0.006,0.172,0.782,0.017,0.003,0.193,0.328,0.015,0.036,0.125,0.84,0.005,0.011,0.168,0.804,NA,NA,NA,NA,NA,NA,NA,NA,1,1,1,1,0.61,1e-04,0.01253,1.68,5.79310344827586,0,296.319,55000,6.8e-11,0.194984459975805,0,0,0,0,0,0,0,0,NA,0,0,0,0,0,0,0,0,8.85,0.004166667,0,NA,0.97
94.9996698025618,0.00422331994114235,0.0201816474498772,0.0104764824785952,0.00389820909612506,0.00304969113264009,0.149581647928808,0.448914891342238,0.0283172034791166,0.160962095844986,0.0388976864368648,0.0128831556101097,3.30336285836353,0.110963349373601,0.384053544329036,0.0304485327386069,0.0458854019597725,0.0209714035540973,0.0744681569644366,0.190510935627908,0.0386763867949202,0.0188921428852375,0.039168017192988,0.04,2,2.9,1,1,0.94,0.63,0,0.045,0.02,0.139,0.792,0.02,0.049,0.179,0.727,0.013,0.038,0.173,0.776,0.047,0.051,0.169,0.734,0.043,0.067,0.08,0.79,0.794,0,0.057,0.157,0.005,0.006,0.172,0.782,0.017,0.003,0.193,0.328,0.015,0.036,0.125,0.84,0.005,0.011,0.168,0.804,NA,NA,NA,NA,NA,NA,NA,NA,1,1,1,1,0.61,1e-04,0.01253,1.68,5.79310344827586,0,296.319,55000,6.8e-11,0.194984459975805,0,0,0,0,0,0,0,0,NA,0,0,0,0,0,0,0,0,8.85,0.004166667,0,NA,0.97
100.773579020034,0.00448485796213921,0.0128413627161842,0.010821205063109,0.00347761172852605,0.000775135902505349,0.272595820623306,0.422207982523283,0.0286007354503457,0.137935032919232,0.0298329554501279,0.0102534980076394,1.43498890350963,0.174503105251998,0.208194247909676,0.00210646335475875,0.0928229888474862,0.0396915386589633,0.0697232760734345,0.0942890683125816,0.0873849000685942,0.018156378716611,0.0718774207704505,0.04,2,2.9,1,1,0.94,0.63,0,0.045,0.02,0.139,0.792,0.02,0.049,0.179,0.727,0.013,0.038,0.173,0.776,0.047,0.051,0.169,0.734,0.043,0.067,0.08,0.79,0.794,0,0.057,0.157,0.005,0.006,0.172,0.782,0.017,0.003,0.193,0.328,0.015,0.036,0.125,0.84,0.005,0.011,0.168,0.804,NA,NA,NA,NA,NA,NA,NA,NA,1,1,1,1,0.61,1e-04,0.01253,1.68,5.79310344827586,0,296.319,55000,6.8e-11,0.194984459975805,0,0,0,0,0,0,0,0,NA,0,0,0,0,0,0,0,0,8.85,0.004166667,0,NA,0.97
154.127532168446,0.00374696311044418,0.0237782971529049,0.0100103630629784,0.00397517152543412,0.00254980916692966,0.180952623746064,0.435516048869652,0.0276676389311031,0.164269346104559,0.036198447397325,0.0113809744725165,4.28002538118104,0.154166455229952,0.404396201356817,0.0289279749054307,0.0395962261763415,0.0194570742365178,0.0759294038608717,0.133372666669494,0.0613488921504439,0.0199109141170051,0.0208933070572992,0.04,2,2.9,1,1,0.94,0.63,0,0.045,0.02,0.139,0.792,0.02,0.049,0.179,0.727,0.013,0.038,0.173,0.776,0.047,0.051,0.169,0.734,0.043,0.067,0.08,0.79,0.794,0,0.057,0.157,0.005,0.006,0.172,0.782,0.017,0.003,0.193,0.328,0.015,0.036,0.125,0.84,0.005,0.011,0.168,0.804,NA,NA,NA,NA,NA,NA,NA,NA,1,1,1,1,0.61,1e-04,0.01253,1.68,5.79310344827586,0,296.319,55000,6.8e-11,0.194984459975805,0,0,0,0,0,0,0,0,NA,0,0,0,0,0,0,0,0,8.85,0.004166667,0,NA,0.97
117.92611463831,0.00394380958564158,0.0185822215095195,0.0100501970577975,0.00359538516135723,0.00380218249862712,0.166499888666882,0.484060767078954,0.0277606519917815,0.147431573303657,0.0353288446555783,0.0230225333135471,4.95956491067368,0.11303633307587,0.3639761801882,0.0378611487410853,0.0424652024321384,0.00957459840514707,0.104929543445076,0.258213013646799,0.0544125056674614,0.0176273628570398,0.0416007787190957,0.04,2,2.9,1,1,0.94,0.63,0,0.045,0.02,0.139,0.792,0.02,0.049,0.179,0.727,0.013,0.038,0.173,0.776,0.047,0.051,0.169,0.734,0.043,0.067,0.08,0.79,0.794,0,0.057,0.157,0.005,0.006,0.172,0.782,0.017,0.003,0.193,0.328,0.015,0.036,0.125,0.84,0.005,0.011,0.168,0.804,NA,NA,NA,NA,NA,NA,NA,NA,1,1,1,1,0.61,1e-04,0.01253,1.68,5.79310344827586,0,296.319,55000,6.8e-11,0.194984459975805,0,0,0,0,0,0,0,0,NA,0,0,0,0,0,0,0,0,8.85,0.004166667,0,NA,0.97
131.692746749247,0.00311419697267069,0.0303968980525458,0.0118093134736994,0.0043848226406888,0.0010044288771725,0.164774973604781,0.447824113452798,0.0356954617304271,0.150317451224994,0.035252225007019,0.0159734592192289,4.22601625919635,0.0962679569439737,0.445009229793543,0.016805867077409,0.0446433712234746,0.0409013780882579,0.0836695228239174,0.16930657372319,0.034599647709962,0.0142899925490842,0.0679937105907002,0.04,2,2.9,1,1,0.94,0.63,0,0.045,0.02,0.139,0.792,0.02,0.049,0.179,0.727,0.013,0.038,0.173,0.776,0.047,0.051,0.169,0.734,0.043,0.067,0.08,0.79,0.794,0,0.057,0.157,0.005,0.006,0.172,0.782,0.017,0.003,0.193,0.328,0.015,0.036,0.125,0.84,0.005,0.011,0.168,0.804,NA,NA,NA,NA,NA,NA,NA,NA,1,1,1,1,0.61,1e-04,0.01253,1.68,5.79310344827586,0,296.319,55000,6.8e-11,0.194984459975805,0,0,0,0,0,0,0,0,NA,0,0,0,0,0,0,0,0,8.85,0.004166667,0,NA,0.97
121.541059859419,0.00368729671289558,0.0154393336233778,0.0105823861927013,0.00485489581382458,0.00211988920895851,0.220748119731951,0.530038460708198,0.0364847522986774,0.156927431700703,0.0431798080984921,0.00901079541791635,2.29671027623186,0.137765558535371,0.284226094801367,0.0243584279918129,0.0641891815865245,0.0104367694528272,0.0824143106392687,0.206633963162785,0.0289101452435917,0.0169788318975806,0.0122351326626749,0.04,2,2.9,1,1,0.94,0.63,0,0.045,0.02,0.139,0.792,0.02,0.049,0.179,0.727,0.013,0.038,0.173,0.776,0.047,0.051,0.169,0.734,0.043,0.067,0.08,0.79,0.794,0,0.057,0.157,0.005,0.006,0.172,0.782,0.017,0.003,0.193,0.328,0.015,0.036,0.125,0.84,0.005,0.011,0.168,0.804,NA,NA,NA,NA,NA,NA,NA,NA,1,1,1,1,0.61,1e-04,0.01253,1.68,5.79310344827586,0,296.319,55000,6.8e-11,0.194984459975805,0,0,0,0,0,0,0,0,NA,0,0,0,0,0,0,0,0,8.85,0.004166667,0,NA,0.97
80.7080076066654,0.00326972800649149,0.0223271640089338,0.0102732679782788,0.00318162842468475,0.00458751090058156,0.182134227315007,0.483032273432147,0.0481077289042158,0.165011105940391,0.0409151860268182,0.00851506523024971,5.9443562358692,0.155819985836886,0.267845768472679,0.0276699865641711,0.0498880444145952,0.0121334751418624,0.0383250269885305,0.144677361026667,0.0555914160539541,0.0194764254831722,0.0372323166967681,0.04,2,2.9,1,1,0.94,0.63,0,0.045,0.02,0.139,0.792,0.02,0.049,0.179,0.727,0.013,0.038,0.173,0.776,0.047,0.051,0.169,0.734,0.043,0.067,0.08,0.79,0.794,0,0.057,0.157,0.005,0.006,0.172,0.782,0.017,0.003,0.193,0.328,0.015,0.036,0.125,0.84,0.005,0.011,0.168,0.804,NA,NA,NA,NA,NA,NA,NA,NA,1,1,1,1,0.61,1e-04,0.01253,1.68,5.79310344827586,0,296.319,55000,6.8e-11,0.194984459975805,0,0,0,0,0,0,0,0,NA,0,0,0,0,0,0,0,0,8.85,0.004166667,0,NA,0.97
167.383293128357,0.00399992078820463,0.0236242617099437,0.00993624968958681,0.00371772644840682,0.00736932796030805,0.134211466618422,0.453286651282519,0.0369411034581415,0.161377428911998,0.0356269839778392,0.0153515268439793,5.73944283070713,0.10168705626524,0.268895256310216,0.0212977809150295,0.0421698061043233,0.0197365862368136,0.0521666691120967,0.2649343181008,0.0344609705029722,0.0157841385345809,0.0762915298903732,0.04,2,2.9,1,1,0.94,0.63,0,0.045,0.02,0.139,0.792,0.02,0.049,0.179,0.727,0.013,0.038,0.173,0.776,0.047,0.051,0.169,0.734,0.043,0.067,0.08,0.79,0.794,0,0.057,0.157,0.005,0.006,0.172,0.782,0.017,0.003,0.193,0.328,0.015,0.036,0.125,0.84,0.005,0.011,0.168,0.804,NA,NA,NA,NA,NA,NA,NA,NA,1,1,1,1,0.61,1e-04,0.01253,1.68,5.79310344827586,0,296.319,55000,6.8e-11,0.194984459975805,0,0,0,0,0,0,0,0,NA,0,0,0,0,0,0,0,0,8.85,0.004166667,0,NA,0.97
103.687265431132,0.00436802442793014,0.0205466530356582,0.010168997057403,0.00374224909425038,0.000813441133959689,0.118305326126453,0.477975205289928,0.0282653382748659,0.148983495951157,0.0343421802396594,0.0164838529609766,7.15072966834097,0.0895397454060016,0.34505282048,0.0306210717520738,0.036978594353022,0.0202097379167245,0.0860485816252963,0.154546076823627,0.0535464817527769,0.0150835031783564,0.0369900783426381,0.04,2,2.9,1,1,0.94,0.63,0,0.045,0.02,0.139,0.792,0.02,0.049,0.179,0.727,0.013,0.038,0.173,0.776,0.047,0.051,0.169,0.734,0.043,0.067,0.08,0.79,0.794,0,0.057,0.157,0.005,0.006,0.172,0.782,0.017,0.003,0.193,0.328,0.015,0.036,0.125,0.84,0.005,0.011,0.168,0.804,NA,NA,NA,NA,NA,NA,NA,NA,1,1,1,1,0.61,1e-04,0.01253,1.68,5.79310344827586,0,296.319,55000,6.8e-11,0.194984459975805,0,0,0,0,0,0,0,0,NA,0,0,0,0,0,0,0,0,8.85,0.004166667,0,NA,0.97
101.291953668466,0.00412986488092026,0.0203838562348165,0.00929471505891346,0.00380851656123461,0.00336532146961707,0.125897059413175,0.454386567490763,0.0244160319306093,0.146924555036564,0.0357645156117598,0.017827861502537,5.19185828839008,0.146272670790654,0.298511672796621,0.0200406497880765,0.0467706902541388,0.0208688370545249,0.0816914564525244,0.402025840209629,0.0989483849447856,0.0146565470178975,0.0326667600989683,0.04,2,2.9,1,1,0.94,0.63,0,0.045,0.02,0.139,0.792,0.02,0.049,0.179,0.727,0.013,0.038,0.173,0.776,0.047,0.051,0.169,0.734,0.043,0.067,0.08,0.79,0.794,0,0.057,0.157,0.005,0.006,0.172,0.782,0.017,0.003,0.193,0.328,0.015,0.036,0.125,0.84,0.005,0.011,0.168,0.804,NA,NA,NA,NA,NA,NA,NA,NA,1,1,1,1,0.61,1e-04,0.01253,1.68,5.79310344827586,0,296.319,55000,6.8e-11,0.194984459975805,0,0,0,0,0,0,0,0,NA,0,0,0,0,0,0,0,0,8.85,0.004166667,0,NA,0.97
95.7331584019704,0.00370579079116652,0.0141913692745366,0.0109303829253746,0.00379750629662409,0.00168393508722827,0.150932016391698,0.495700260293811,0.0255120192361957,0.147796149501017,0.0413894257478471,0.0197711216664826,6.02856387505339,0.126852460895094,0.408971999823548,0.00323059903117124,0.0254518604891561,0.0170087486531156,0.0375935990573983,0.369171237692182,0.0394684646261003,0.0194835814346482,0.0718176350705631,0.04,2,2.9,1,1,0.94,0.63,0,0.045,0.02,0.139,0.792,0.02,0.049,0.179,0.727,0.013,0.038,0.173,0.776,0.047,0.051,0.169,0.734,0.043,0.067,0.08,0.79,0.794,0,0.057,0.157,0.005,0.006,0.172,0.782,0.017,0.003,0.193,0.328,0.015,0.036,0.125,0.84,0.005,0.011,0.168,0.804,NA,NA,NA,NA,NA,NA,NA,NA,1,1,1,1,0.61,1e-04,0.01253,1.68,5.79310344827586,0,296.319,55000,6.8e-11,0.194984459975805,0,0,0,0,0,0,0,0,NA,0,0,0,0,0,0,0,0,8.85,0.004166667,0,NA,0.97
111.68887298805,0.00391011250807954,0.0144680605577551,0.00925198012162524,0.00362723023545413,0.00412176406451738,0.152491101198314,0.456500978970762,0.0307868159035418,0.160047082894245,0.0434331347329419,0.011703722117173,1.31683450457164,0.149946306865332,0.288169748642304,0.0213108652696178,0.0643513401934439,0.00736516283738086,0.0307770110605504,0.252768045951331,0.0447256221788399,0.0155480329270546,0.0441795797850915,0.04,2,2.9,1,1,0.94,0.63,0,0.045,0.02,0.139,0.792,0.02,0.049,0.179,0.727,0.013,0.038,0.173,0.776,0.047,0.051,0.169,0.734,0.043,0.067,0.08,0.79,0.794,0,0.057,0.157,0.005,0.006,0.172,0.782,0.017,0.003,0.193,0.328,0.015,0.036,0.125,0.84,0.005,0.011,0.168,0.804,NA,NA,NA,NA,NA,NA,NA,NA,1,1,1,1,0.61,1e-04,0.01253,1.68,5.79310344827586,0,296.319,55000,6.8e-11,0.194984459975805,0,0,0,0,0,0,0,0,NA,0,0,0,0,0,0,0,0,8.85,0.004166667,0,NA,0.97
158.772821962318,0.00317846021608812,0.0198044529170578,0.00809878746212377,0.00382425261057131,0.00038163166012023,0.172812453545065,0.427545267570655,0.0257676378002108,0.130499695434876,0.0351177739134609,0.0105131977993921,3.97029854586955,0.0970142371704032,0.296878387822804,0.0280130165590999,0.0716996791299356,0.00640356734827151,0.0413388567241,0.214895217802129,0.036697128430271,0.0202152567334135,0.032031762568859,0.04,2,2.9,1,1,0.94,0.63,0,0.045,0.02,0.139,0.792,0.02,0.049,0.179,0.727,0.013,0.038,0.173,0.776,0.047,0.051,0.169,0.734,0.043,0.067,0.08,0.79,0.794,0,0.057,0.157,0.005,0.006,0.172,0.782,0.017,0.003,0.193,0.328,0.015,0.036,0.125,0.84,0.005,0.011,0.168,0.804,NA,NA,NA,NA,NA,NA,NA,NA,1,1,1,1,0.61,1e-04,0.01253,1.68,5.79310344827586,0,296.319,55000,6.8e-11,0.194984459975805,0,0,0,0,0,0,0,0,NA,0,0,0,0,0,0,0,0,8.85,0.004166667,0,NA,0.97
126.815729157823,0.00358233751515851,0.0154226955974612,0.0105505939027412,0.00391439730407974,0.00391643395101268,0.130572926045325,0.480250806353671,0.0358579298864727,0.15953356590492,0.036610876218227,0.0143221329067037,5.72103274990363,0.127558591255988,0.272634074761431,0.021805436787045,0.0465086963660892,0.018087465192881,0.0711200349222012,0.0898205268209599,0.0579357551967884,0.0167618963027906,0.0403601643938851,0.04,2,2.9,1,1,0.94,0.63,0,0.045,0.02,0.139,0.792,0.02,0.049,0.179,0.727,0.013,0.038,0.173,0.776,0.047,0.051,0.169,0.734,0.043,0.067,0.08,0.79,0.794,0,0.057,0.157,0.005,0.006,0.172,0.782,0.017,0.003,0.193,0.328,0.015,0.036,0.125,0.84,0.005,0.011,0.168,0.804,NA,NA,NA,NA,NA,NA,NA,NA,1,1,1,1,0.61,1e-04,0.01253,1.68,5.79310344827586,0,296.319,55000,6.8e-11,0.194984459975805,0,0,0,0,0,0,0,0,NA,0,0,0,0,0,0,0,0,8.85,0.004166667,0,NA,0.97
113.464197709886,0.00388564485219421,0.0196237762033619,0.0095637514126966,0.0041074574112891,0.010221791258614,0.152977657364725,0.498152127708607,0.0204915236723588,0.158183228198565,0.0439009612057557,0.0105396072228005,3.24404732720483,0.122028319906718,0.207136594156303,0.0244381238526809,0.0473280276636672,0.020738074048372,0.0826267888155632,0.281159572705955,0.0392167183612771,0.015416085249012,0.0287464935579991,0.04,2,2.9,1,1,0.94,0.63,0,0.045,0.02,0.139,0.792,0.02,0.049,0.179,0.727,0.013,0.038,0.173,0.776,0.047,0.051,0.169,0.734,0.043,0.067,0.08,0.79,0.794,0,0.057,0.157,0.005,0.006,0.172,0.782,0.017,0.003,0.193,0.328,0.015,0.036,0.125,0.84,0.005,0.011,0.168,0.804,NA,NA,NA,NA,NA,NA,NA,NA,1,1,1,1,0.61,1e-04,0.01253,1.68,5.79310344827586,0,296.319,55000,6.8e-11,0.194984459975805,0,0,0,0,0,0,0,0,NA,0,0,0,0,0,0,0,0,8.85,0.004166667,0,NA,0.97
164.246308493073,0.00389568324703784,0.0158223493257218,0.0104335781293798,0.00393941012143636,0.00803899808251729,0.146830420928546,0.491903588301269,0.036999823477522,0.166152352621243,0.0349963830105029,0.00920007319710493,4.61887726231292,0.132551791110756,0.258755859124975,0.00731981234246664,0.0246583329660252,0.00812632758042578,0.0746136939527199,0.0459358533758751,0.0605642975920848,0.0185940898068391,0.0794079969614363,0.04,2,2.9,1,1,0.94,0.63,0,0.045,0.02,0.139,0.792,0.02,0.049,0.179,0.727,0.013,0.038,0.173,0.776,0.047,0.051,0.169,0.734,0.043,0.067,0.08,0.79,0.794,0,0.057,0.157,0.005,0.006,0.172,0.782,0.017,0.003,0.193,0.328,0.015,0.036,0.125,0.84,0.005,0.011,0.168,0.804,NA,NA,NA,NA,NA,NA,NA,NA,1,1,1,1,0.61,1e-04,0.01253,1.68,5.79310344827586,0,296.319,55000,6.8e-11,0.194984459975805,0,0,0,0,0,0,0,0,NA,0,0,0,0,0,0,0,0,8.85,0.004166667,0,NA,0.97
141.5330226265,0.00399977869662012,0.0160267747045581,0.00914100249385653,0.00434343615466016,0.00843623442531785,0.115356334280211,0.427730531348542,0.0455420392036682,0.154378712363554,0.039095052558291,0.01634690238254,4.79763966654626,0.108403111646166,0.256184054345674,0.0296504251304035,0.0722807096002583,0.033493081831813,0.0492821827224505,0.267128539677059,0.0508451770072027,0.0154014445364708,0.0218414224036085,0.04,2,2.9,1,1,0.94,0.63,0,0.045,0.02,0.139,0.792,0.02,0.049,0.179,0.727,0.013,0.038,0.173,0.776,0.047,0.051,0.169,0.734,0.043,0.067,0.08,0.79,0.794,0,0.057,0.157,0.005,0.006,0.172,0.782,0.017,0.003,0.193,0.328,0.015,0.036,0.125,0.84,0.005,0.011,0.168,0.804,NA,NA,NA,NA,NA,NA,NA,NA,1,1,1,1,0.61,1e-04,0.01253,1.68,5.79310344827586,0,296.319,55000,6.8e-11,0.194984459975805,0,0,0,0,0,0,0,0,NA,0,0,0,0,0,0,0,0,8.85,0.004166667,0,NA,0.97
106.382820504037,0.00421375507040998,0.0222318395854711,0.00932937827741536,0.0036876311256148,0.00477562770833297,0.15949966583008,0.511057534071605,0.0255102067638606,0.149575261258487,0.0349539755322076,0.0131669851462934,3.15619847303623,0.133411512540942,0.169223224725235,0.0360232198896289,0.11351864803269,0.00313699813924929,0.0649995455444555,0.165373549440826,0.0569080891784061,0.0160549392937397,0.0480869200320445,0.04,2,2.9,1,1,0.94,0.63,0,0.045,0.02,0.139,0.792,0.02,0.049,0.179,0.727,0.013,0.038,0.173,0.776,0.047,0.051,0.169,0.734,0.043,0.067,0.08,0.79,0.794,0,0.057,0.157,0.005,0.006,0.172,0.782,0.017,0.003,0.193,0.328,0.015,0.036,0.125,0.84,0.005,0.011,0.168,0.804,NA,NA,NA,NA,NA,NA,NA,NA,1,1,1,1,0.61,1e-04,0.01253,1.68,5.79310344827586,0,296.319,55000,6.8e-11,0.194984459975805,0,0,0,0,0,0,0,0,NA,0,0,0,0,0,0,0,0,8.85,0.004166667,0,NA,0.97
155.931343134693,0.00434559573702934,0.0265617626422616,0.00904593683906574,0.00459869158587972,0.0012564943300947,0.137052671286974,0.472613648032856,0.0318891644625431,0.145209978243958,0.0373061717518166,0.0103544472360978,4.83429717499388,0.117566723508177,0.23349850327048,0.0127028760458307,0.0517796223220367,0.0178658736824647,0.0474914411066401,0.293533478458031,0.0462956512602659,0.0175789467009125,0.0338926172936005,0.04,2,2.9,1,1,0.94,0.63,0,0.045,0.02,0.139,0.792,0.02,0.049,0.179,0.727,0.013,0.038,0.173,0.776,0.047,0.051,0.169,0.734,0.043,0.067,0.08,0.79,0.794,0,0.057,0.157,0.005,0.006,0.172,0.782,0.017,0.003,0.193,0.328,0.015,0.036,0.125,0.84,0.005,0.011,0.168,0.804,NA,NA,NA,NA,NA,NA,NA,NA,1,1,1,1,0.61,1e-04,0.01253,1.68,5.79310344827586,0,296.319,55000,6.8e-11,0.194984459975805,0,0,0,0,0,0,0,0,NA,0,0,0,0,0,0,0,0,8.85,0.004166667,0,NA,0.97
72.8943588440088,0.00440581894877796,0.0210866316986121,0.0100080872428309,0.00401737731944341,0.00220142312453368,0.105454820587743,0.503745561839447,0.0345626054223895,0.132547956256203,0.0374498090922039,0.0245645879728106,2.98169865911442,0.119053896635493,0.340514643108732,0.0108505686318572,0.0679922599274765,0.0289540593059184,0.0686766266122126,0.33081358087439,0.0653118523130879,0.0181317551096168,0.0792803654785785,0.04,2,2.9,1,1,0.94,0.63,0,0.045,0.02,0.139,0.792,0.02,0.049,0.179,0.727,0.013,0.038,0.173,0.776,0.047,0.051,0.169,0.734,0.043,0.067,0.08,0.79,0.794,0,0.057,0.157,0.005,0.006,0.172,0.782,0.017,0.003,0.193,0.328,0.015,0.036,0.125,0.84,0.005,0.011,0.168,0.804,NA,NA,NA,NA,NA,NA,NA,NA,1,1,1,1,0.61,1e-04,0.01253,1.68,5.79310344827586,0,296.319,55000,6.8e-11,0.194984459975805,0,0,0,0,0,0,0,0,NA,0,0,0,0,0,0,0,0,8.85,0.004166667,0,NA,0.97
86.6574590694186,0.0034587227360487,0.0189491835877374,0.00887715810885542,0.00426672278427761,0.00201700991318148,0.145845303137762,0.450025549974424,0.0301481458333382,0.16173471584004,0.0370952763734181,0.026380112713888,3.59158954924946,0.130220956820872,0.292731329489393,0.00803720619069544,0.052196346632439,0.00905415148486848,0.0670141103790569,0.32710104187539,0.0430972542388356,0.016844826293839,0.0929875369134314,0.04,2,2.9,1,1,0.94,0.63,0,0.045,0.02,0.139,0.792,0.02,0.049,0.179,0.727,0.013,0.038,0.173,0.776,0.047,0.051,0.169,0.734,0.043,0.067,0.08,0.79,0.794,0,0.057,0.157,0.005,0.006,0.172,0.782,0.017,0.003,0.193,0.328,0.015,0.036,0.125,0.84,0.005,0.011,0.168,0.804,NA,NA,NA,NA,NA,NA,NA,NA,1,1,1,1,0.61,1e-04,0.01253,1.68,5.79310344827586,0,296.319,55000,6.8e-11,0.194984459975805,0,0,0,0,0,0,0,0,NA,0,0,0,0,0,0,0,0,8.85,0.004166667,0,NA,0.97
100.210975693657,0.00370663475757315,0.0183505827386834,0.00928843636206027,0.0034684908277531,0.0012951644402236,0.195045570145496,0.450722330865454,0.0337928295337521,0.130762466688652,0.0336467141372842,0.0223326392252028,3.89018138264447,0.120353216678182,0.409112343025203,0.021419213909113,0.0334882403426766,0.0121849660284633,0.0669325136633651,0.272117232763079,0.00943278974359118,0.0172371517187194,0.0305156754500141,0.04,2,2.9,1,1,0.94,0.63,0,0.045,0.02,0.139,0.792,0.02,0.049,0.179,0.727,0.013,0.038,0.173,0.776,0.047,0.051,0.169,0.734,0.043,0.067,0.08,0.79,0.794,0,0.057,0.157,0.005,0.006,0.172,0.782,0.017,0.003,0.193,0.328,0.015,0.036,0.125,0.84,0.005,0.011,0.168,0.804,NA,NA,NA,NA,NA,NA,NA,NA,1,1,1,1,0.61,1e-04,0.01253,1.68,5.79310344827586,0,296.319,55000,6.8e-11,0.194984459975805,0,0,0,0,0,0,0,0,NA,0,0,0,0,0,0,0,0,8.85,0.004166667,0,NA,0.97
107.864210268472,0.00378093056670431,0.0140268869510958,0.0109471133076204,0.00447945364331678,0.0027834221803909,0.189513204118486,0.423238570037388,0.0365336219222399,0.133437897578736,0.0392123033759176,0.0101027328324082,3.14618506556185,0.110729357851957,0.333311411795757,0.0163291583584471,0.050613018898578,0.0103612483342369,0.0578511535176709,0.323634084870884,0.071919461374493,0.0173503173182685,0.0247770575013949,0.04,2,2.9,1,1,0.94,0.63,0,0.045,0.02,0.139,0.792,0.02,0.049,0.179,0.727,0.013,0.038,0.173,0.776,0.047,0.051,0.169,0.734,0.043,0.067,0.08,0.79,0.794,0,0.057,0.157,0.005,0.006,0.172,0.782,0.017,0.003,0.193,0.328,0.015,0.036,0.125,0.84,0.005,0.011,0.168,0.804,NA,NA,NA,NA,NA,NA,NA,NA,1,1,1,1,0.61,1e-04,0.01253,1.68,5.79310344827586,0,296.319,55000,6.8e-11,0.194984459975805,0,0,0,0,0,0,0,0,NA,0,0,0,0,0,0,0,0,8.85,0.004166667,0,NA,0.97
122.308320879667,0.00462432504966025,0.0105187396062834,0.0100398557738517,0.00482498317628658,0.00404655216795181,0.154998617820097,0.484137149539928,0.0358165466153174,0.151788756562847,0.0299094578283276,0.00539641923703436,5.79634981684879,0.105595803284428,0.246039259755727,0.0268222004404013,0.0646365409811614,0.0215667908698731,0.0622375462658074,0.233889589579108,0.0347495633008166,0.022747950728383,0.0473056026849242,0.04,2,2.9,1,1,0.94,0.63,0,0.045,0.02,0.139,0.792,0.02,0.049,0.179,0.727,0.013,0.038,0.173,0.776,0.047,0.051,0.169,0.734,0.043,0.067,0.08,0.79,0.794,0,0.057,0.157,0.005,0.006,0.172,0.782,0.017,0.003,0.193,0.328,0.015,0.036,0.125,0.84,0.005,0.011,0.168,0.804,NA,NA,NA,NA,NA,NA,NA,NA,1,1,1,1,0.61,1e-04,0.01253,1.68,5.79310344827586,0,296.319,55000,6.8e-11,0.194984459975805,0,0,0,0,0,0,0,0,NA,0,0,0,0,0,0,0,0,8.85,0.004166667,0,NA,0.97
119.064348786707,0.00405419022879627,0.021418770756218,0.00971682627153177,0.00400392184957539,0.000578041109571228,0.144945682939272,0.429304102378893,0.0394323901712981,0.151279401954242,0.0356713253790766,0.0130227962551583,4.29711991547378,0.102672638985959,0.372532741018739,0.0240492587138943,0.0422357439519655,0.03845171122401,0.0601099666584241,0.229237924528417,0.0194789122188586,0.0173951280045693,0.0261976545934544,0.04,2,2.9,1,1,0.94,0.63,0,0.045,0.02,0.139,0.792,0.02,0.049,0.179,0.727,0.013,0.038,0.173,0.776,0.047,0.051,0.169,0.734,0.043,0.067,0.08,0.79,0.794,0,0.057,0.157,0.005,0.006,0.172,0.782,0.017,0.003,0.193,0.328,0.015,0.036,0.125,0.84,0.005,0.011,0.168,0.804,NA,NA,NA,NA,NA,NA,NA,NA,1,1,1,1,0.61,1e-04,0.01253,1.68,5.79310344827586,0,296.319,55000,6.8e-11,0.194984459975805,0,0,0,0,0,0,0,0,NA,0,0,0,0,0,0,0,0,8.85,0.004166667,0,NA,0.97
112.442652505486,0.00335138872885342,0.01501645400339,0.0103240565147527,0.00406721309409832,0.00233952317719008,0.156795448522675,0.469368113314949,0.0429680194652161,0.156592452562663,0.0394414677035283,0.00610436421301444,3.33735827760035,0.115620083272042,0.344096910759001,0.00910852081492271,0.0654427893088148,0.0131677898495417,0.0644843799358716,0.340304120023446,0.0449910958573499,0.0140404334970196,0.058746329125019,0.04,2,2.9,1,1,0.94,0.63,0,0.045,0.02,0.139,0.792,0.02,0.049,0.179,0.727,0.013,0.038,0.173,0.776,0.047,0.051,0.169,0.734,0.043,0.067,0.08,0.79,0.794,0,0.057,0.157,0.005,0.006,0.172,0.782,0.017,0.003,0.193,0.328,0.015,0.036,0.125,0.84,0.005,0.011,0.168,0.804,NA,NA,NA,NA,NA,NA,NA,NA,1,1,1,1,0.61,1e-04,0.01253,1.68,5.79310344827586,0,296.319,55000,6.8e-11,0.194984459975805,0,0,0,0,0,0,0,0,NA,0,0,0,0,0,0,0,0,8.85,0.004166667,0,NA,0.97
100.244141164552,0.00446141234648991,0.0216358411514081,0.0101900757223045,0.00444238229864077,0.00366992890177429,0.183027208701367,0.401890523423619,0.040719034012302,0.162038453127236,0.0375490968889032,0.0117408726431693,3.85726959599961,0.105320579492639,0.240356341232596,0.015850858402392,0.0802772664077225,0.00710714832496681,0.0567295858587033,0.280152248837194,0.0641567812021476,0.0193445358365932,0.0228916760106189,0.04,2,2.9,1,1,0.94,0.63,0,0.045,0.02,0.139,0.792,0.02,0.049,0.179,0.727,0.013,0.038,0.173,0.776,0.047,0.051,0.169,0.734,0.043,0.067,0.08,0.79,0.794,0,0.057,0.157,0.005,0.006,0.172,0.782,0.017,0.003,0.193,0.328,0.015,0.036,0.125,0.84,0.005,0.011,0.168,0.804,NA,NA,NA,NA,NA,NA,NA,NA,1,1,1,1,0.61,1e-04,0.01253,1.68,5.79310344827586,0,296.319,55000,6.8e-11,0.194984459975805,0,0,0,0,0,0,0,0,NA,0,0,0,0,0,0,0,0,8.85,0.004166667,0,NA,0.97
92.5770891781266,0.00348926332584517,0.0193036238331757,0.0100314805146873,0.00422894110237926,0.00124716375467628,0.160374735344781,0.472487696502502,0.0239113617051142,0.142838632858701,0.0384092882680176,0.00918573857261159,2.87292772746655,0.127123686379633,0.196016897799789,0.00791186799708662,0.0535151359192651,0.0286074410146739,0.0665044788301156,0.234140126490138,0.0324240003894117,0.0152796149847429,0.0278271936332612,0.04,2,2.9,1,1,0.94,0.63,0,0.045,0.02,0.139,0.792,0.02,0.049,0.179,0.727,0.013,0.038,0.173,0.776,0.047,0.051,0.169,0.734,0.043,0.067,0.08,0.79,0.794,0,0.057,0.157,0.005,0.006,0.172,0.782,0.017,0.003,0.193,0.328,0.015,0.036,0.125,0.84,0.005,0.011,0.168,0.804,NA,NA,NA,NA,NA,NA,NA,NA,1,1,1,1,0.61,1e-04,0.01253,1.68,5.79310344827586,0,296.319,55000,6.8e-11,0.194984459975805,0,0,0,0,0,0,0,0,NA,0,0,0,0,0,0,0,0,8.85,0.004166667,0,NA,0.97
98.6513157344088,0.00434698672551079,0.0176836166160201,0.011026246360786,0.0043432593098135,0.00167483627745783,0.132346605927293,0.477046074869278,0.0276702496017082,0.152484826339621,0.0309015975683176,0.0205567969018634,5.45734386557879,0.0729052647819784,0.201581180994017,0.0171317850315265,0.0495099234514691,0.00535672904472157,0.0678555342538675,0.33648664814738,0.0819838389318169,0.0175133303033398,0.0234391741792256,0.04,2,2.9,1,1,0.94,0.63,0,0.045,0.02,0.139,0.792,0.02,0.049,0.179,0.727,0.013,0.038,0.173,0.776,0.047,0.051,0.169,0.734,0.043,0.067,0.08,0.79,0.794,0,0.057,0.157,0.005,0.006,0.172,0.782,0.017,0.003,0.193,0.328,0.015,0.036,0.125,0.84,0.005,0.011,0.168,0.804,NA,NA,NA,NA,NA,NA,NA,NA,1,1,1,1,0.61,1e-04,0.01253,1.68,5.79310344827586,0,296.319,55000,6.8e-11,0.194984459975805,0,0,0,0,0,0,0,0,NA,0,0,0,0,0,0,0,0,8.85,0.004166667,0,NA,0.97
118.546784685222,0.00389100405097696,0.0259269336373895,0.0117627156361283,0.00464536524890694,0.00169736153485477,0.143923893583251,0.462379784255858,0.0215047328232774,0.147219709932998,0.035751576993349,0.0116033711034146,4.13051741821257,0.102152377606336,0.337716425072097,0.0415696568599044,0.0630398580788125,0.0151811712758893,0.0454152983057817,0.102797856610224,0.0546446285365858,0.0159155894163724,0.0891900049259208,0.04,2,2.9,1,1,0.94,0.63,0,0.045,0.02,0.139,0.792,0.02,0.049,0.179,0.727,0.013,0.038,0.173,0.776,0.047,0.051,0.169,0.734,0.043,0.067,0.08,0.79,0.794,0,0.057,0.157,0.005,0.006,0.172,0.782,0.017,0.003,0.193,0.328,0.015,0.036,0.125,0.84,0.005,0.011,0.168,0.804,NA,NA,NA,NA,NA,NA,NA,NA,1,1,1,1,0.61,1e-04,0.01253,1.68,5.79310344827586,0,296.319,55000,6.8e-11,0.194984459975805,0,0,0,0,0,0,0,0,NA,0,0,0,0,0,0,0,0,8.85,0.004166667,0,NA,0.97
124.567863583209,0.0034496204908286,0.0205050370379328,0.00983512107335257,0.00401246394547453,0.00569645577026817,0.200128756619135,0.47425525978424,0.0438753563144106,0.173807439315976,0.0425344417999487,0.00702670609919051,6.84225688884117,0.116865958239812,0.314726869911294,0.0186457410094117,0.0622374169073965,0.0643298770347173,0.0454640850879829,0.259498452770977,0.0285214518929398,0.0156739843920367,0.0551030435024576,0.04,2,2.9,1,1,0.94,0.63,0,0.045,0.02,0.139,0.792,0.02,0.049,0.179,0.727,0.013,0.038,0.173,0.776,0.047,0.051,0.169,0.734,0.043,0.067,0.08,0.79,0.794,0,0.057,0.157,0.005,0.006,0.172,0.782,0.017,0.003,0.193,0.328,0.015,0.036,0.125,0.84,0.005,0.011,0.168,0.804,NA,NA,NA,NA,NA,NA,NA,NA,1,1,1,1,0.61,1e-04,0.01253,1.68,5.79310344827586,0,296.319,55000,6.8e-11,0.194984459975805,0,0,0,0,0,0,0,0,NA,0,0,0,0,0,0,0,0,8.85,0.004166667,0,NA,0.97
98.8622531260669,0.00444609479372608,0.0180372073043172,0.0116818183260341,0.00408513764932641,0.00425529673221358,0.197016272662117,0.424615212917569,0.0361612068209443,0.173189135943873,0.0343528173907287,0.0308057203797584,5.18283444534685,0.157830886640372,0.308255805777068,0.0157967820732766,0.0374794925953765,0.0152061250945454,0.0895809116926152,0.230438415044118,0.0540232513493136,0.0180545003563091,0.170828952699194,0.04,2,2.9,1,1,0.94,0.63,0,0.045,0.02,0.139,0.792,0.02,0.049,0.179,0.727,0.013,0.038,0.173,0.776,0.047,0.051,0.169,0.734,0.043,0.067,0.08,0.79,0.794,0,0.057,0.157,0.005,0.006,0.172,0.782,0.017,0.003,0.193,0.328,0.015,0.036,0.125,0.84,0.005,0.011,0.168,0.804,NA,NA,NA,NA,NA,NA,NA,NA,1,1,1,1,0.61,1e-04,0.01253,1.68,5.79310344827586,0,296.319,55000,6.8e-11,0.194984459975805,0,0,0,0,0,0,0,0,NA,0,0,0,0,0,0,0,0,8.85,0.004166667,0,NA,0.97
89.8160395568174,0.00362554541258581,0.0146154944671078,0.0104066235594416,0.00388596444719998,0.00555186662551766,0.12401757928511,0.47205642741734,0.0357532347570321,0.146866480527376,0.0434470774117022,0.0243161798605804,3.59918368153574,0.110862534995586,0.205531388442355,0.0120810335257709,0.0600386589743886,0.0207141172101426,0.098232166032759,0.253418966663335,0.0627827359330271,0.0177049237367968,0.061308496623763,0.04,2,2.9,1,1,0.94,0.63,0,0.045,0.02,0.139,0.792,0.02,0.049,0.179,0.727,0.013,0.038,0.173,0.776,0.047,0.051,0.169,0.734,0.043,0.067,0.08,0.79,0.794,0,0.057,0.157,0.005,0.006,0.172,0.782,0.017,0.003,0.193,0.328,0.015,0.036,0.125,0.84,0.005,0.011,0.168,0.804,NA,NA,NA,NA,NA,NA,NA,NA,1,1,1,1,0.61,1e-04,0.01253,1.68,5.79310344827586,0,296.319,55000,6.8e-11,0.194984459975805,0,0,0,0,0,0,0,0,NA,0,0,0,0,0,0,0,0,8.85,0.004166667,0,NA,0.97
104.041580040539,0.00506990879454887,0.0169755346403834,0.0109315174328605,0.00368235287542154,0.00157749763697456,0.200087616220211,0.483084743311195,0.0382741430320656,0.15783792287337,0.0343506995318035,0.0239988311059533,4.57796678003006,0.181010455475567,0.22062688873567,0.0377032119593042,0.0646501934651712,0.0112281257670124,0.0644107055831339,0.130453631214511,0.0556045318123988,0.0165142674127549,0.0169532076076012,0.04,2,2.9,1,1,0.94,0.63,0,0.045,0.02,0.139,0.792,0.02,0.049,0.179,0.727,0.013,0.038,0.173,0.776,0.047,0.051,0.169,0.734,0.043,0.067,0.08,0.79,0.794,0,0.057,0.157,0.005,0.006,0.172,0.782,0.017,0.003,0.193,0.328,0.015,0.036,0.125,0.84,0.005,0.011,0.168,0.804,NA,NA,NA,NA,NA,NA,NA,NA,1,1,1,1,0.61,1e-04,0.01253,1.68,5.79310344827586,0,296.319,55000,6.8e-11,0.194984459975805,0,0,0,0,0,0,0,0,NA,0,0,0,0,0,0,0,0,8.85,0.004166667,0,NA,0.97
161.185932200044,0.00368971168126756,0.0210879132435421,0.0106029005620636,0.00422997059501781,0.00463448888990192,0.111968415587975,0.408256824650555,0.0292339313050875,0.155406451683947,0.0409078405603714,0.00373787386546008,1.32901185380699,0.129760352443163,0.277300192709724,0.0192682368648235,0.031166022091588,0.0345506124376798,0.0300968832481924,0.191048053453992,0.0428918214519525,0.0158136636497993,0.0611769551200575,0.04,2,2.9,1,1,0.94,0.63,0,0.045,0.02,0.139,0.792,0.02,0.049,0.179,0.727,0.013,0.038,0.173,0.776,0.047,0.051,0.169,0.734,0.043,0.067,0.08,0.79,0.794,0,0.057,0.157,0.005,0.006,0.172,0.782,0.017,0.003,0.193,0.328,0.015,0.036,0.125,0.84,0.005,0.011,0.168,0.804,NA,NA,NA,NA,NA,NA,NA,NA,1,1,1,1,0.61,1e-04,0.01253,1.68,5.79310344827586,0,296.319,55000,6.8e-11,0.194984459975805,0,0,0,0,0,0,0,0,NA,0,0,0,0,0,0,0,0,8.85,0.004166667,0,NA,0.97
101.510231023943,0.00335135730215464,0.0233675507576184,0.0106568495834783,0.00492244426229869,0.0062605605790007,0.165104297649774,0.473556673499783,0.0322251659875592,0.149062023732471,0.0377302059184658,0.00624017536674649,3.18899286469616,0.118402426410889,0.45530136753565,0.00515603491447622,0.0814457009136056,0.0135459248646955,0.0575676757088769,0.4540447050996,0.0676339422446634,0.0163718822430349,0.0499698709903399,0.04,2,2.9,1,1,0.94,0.63,0,0.045,0.02,0.139,0.792,0.02,0.049,0.179,0.727,0.013,0.038,0.173,0.776,0.047,0.051,0.169,0.734,0.043,0.067,0.08,0.79,0.794,0,0.057,0.157,0.005,0.006,0.172,0.782,0.017,0.003,0.193,0.328,0.015,0.036,0.125,0.84,0.005,0.011,0.168,0.804,NA,NA,NA,NA,NA,NA,NA,NA,1,1,1,1,0.61,1e-04,0.01253,1.68,5.79310344827586,0,296.319,55000,6.8e-11,0.194984459975805,0,0,0,0,0,0,0,0,NA,0,0,0,0,0,0,0,0,8.85,0.004166667,0,NA,0.97
69.8798013802498,0.00441578041094656,0.0222562270190913,0.00987815110698393,0.00458453531989133,0.00218113068809062,0.0987342774161541,0.476069311087716,0.0233286188668982,0.157928103382462,0.0315329894955625,0.00740240085487948,4.32141507304536,0.14745016938966,0.299881648725646,0.0159530866009453,0.0307845389082278,0.00554415331381667,0.0494375932505573,0.364866526325268,0.0300236517642163,0.0192698581301256,0.0281558222628924,0.04,2,2.9,1,1,0.94,0.63,0,0.045,0.02,0.139,0.792,0.02,0.049,0.179,0.727,0.013,0.038,0.173,0.776,0.047,0.051,0.169,0.734,0.043,0.067,0.08,0.79,0.794,0,0.057,0.157,0.005,0.006,0.172,0.782,0.017,0.003,0.193,0.328,0.015,0.036,0.125,0.84,0.005,0.011,0.168,0.804,NA,NA,NA,NA,NA,NA,NA,NA,1,1,1,1,0.61,1e-04,0.01253,1.68,5.79310344827586,0,296.319,55000,6.8e-11,0.194984459975805,0,0,0,0,0,0,0,0,NA,0,0,0,0,0,0,0,0,8.85,0.004166667,0,NA,0.97
119.910293883601,0.00421641100891518,0.0218023638776571,0.0106431429158111,0.00421279753739519,0.00167306044601062,0.14746132794071,0.477947796179084,0.0261310656554141,0.158499938312838,0.034745285421606,0.0174153848130897,4.30052577611128,0.107535831302775,0.274526452367237,0.0116155163707169,0.0298994530741956,0.0264385962810231,0.0671923877586728,0.372098812927693,0.0376982111886723,0.0148816537096363,0.0550704640856195,0.04,2,2.9,1,1,0.94,0.63,0,0.045,0.02,0.139,0.792,0.02,0.049,0.179,0.727,0.013,0.038,0.173,0.776,0.047,0.051,0.169,0.734,0.043,0.067,0.08,0.79,0.794,0,0.057,0.157,0.005,0.006,0.172,0.782,0.017,0.003,0.193,0.328,0.015,0.036,0.125,0.84,0.005,0.011,0.168,0.804,NA,NA,NA,NA,NA,NA,NA,NA,1,1,1,1,0.61,1e-04,0.01253,1.68,5.79310344827586,0,296.319,55000,6.8e-11,0.194984459975805,0,0,0,0,0,0,0,0,NA,0,0,0,0,0,0,0,0,8.85,0.004166667,0,NA,0.97
84.7305893107749,0.00412363040400212,0.022711378234971,0.00789610430179733,0.00393209263150538,0.00560802304981422,0.177757389863514,0.466380463838601,0.0299556271572098,0.141712997470367,0.0359717826203276,0.0210291230382175,3.34246896398604,0.119029116407205,0.365063815504386,0.0162891054104521,0.0210941235716115,0.0259628025330012,0.0593573236804377,0.22553612876087,0.0274535405102507,0.0191405594053594,0.0584098909759516,0.04,2,2.9,1,1,0.94,0.63,0,0.045,0.02,0.139,0.792,0.02,0.049,0.179,0.727,0.013,0.038,0.173,0.776,0.047,0.051,0.169,0.734,0.043,0.067,0.08,0.79,0.794,0,0.057,0.157,0.005,0.006,0.172,0.782,0.017,0.003,0.193,0.328,0.015,0.036,0.125,0.84,0.005,0.011,0.168,0.804,NA,NA,NA,NA,NA,NA,NA,NA,1,1,1,1,0.61,1e-04,0.01253,1.68,5.79310344827586,0,296.319,55000,6.8e-11,0.194984459975805,0,0,0,0,0,0,0,0,NA,0,0,0,0,0,0,0,0,8.85,0.004166667,0,NA,0.97
114.865239466023,0.00359815446848672,0.0255699803996191,0.0105143926235608,0.0036285750403441,0.00128648080125423,0.143493175505483,0.449917035566961,0.0296677406187293,0.1327765842119,0.0422110348900085,0.0047928947061571,1.62236347882291,0.144995427944367,0.369302822242808,0.0173509704348549,0.0553079195398215,0.0124387135036943,0.0524763890865383,0.447804764711864,0.0449389116557088,0.0134525867817118,0.0201206321675587,0.04,2,2.9,1,1,0.94,0.63,0,0.045,0.02,0.139,0.792,0.02,0.049,0.179,0.727,0.013,0.038,0.173,0.776,0.047,0.051,0.169,0.734,0.043,0.067,0.08,0.79,0.794,0,0.057,0.157,0.005,0.006,0.172,0.782,0.017,0.003,0.193,0.328,0.015,0.036,0.125,0.84,0.005,0.011,0.168,0.804,NA,NA,NA,NA,NA,NA,NA,NA,1,1,1,1,0.61,1e-04,0.01253,1.68,5.79310344827586,0,296.319,55000,6.8e-11,0.194984459975805,0,0,0,0,0,0,0,0,NA,0,0,0,0,0,0,0,0,8.85,0.004166667,0,NA,0.97
45.3003145440893,0.00448266811507908,0.0194676814906616,0.00860608011992794,0.00333125251219202,0.00632937640230275,0.196236042762465,0.463958599661543,0.0272921187197546,0.152237219384496,0.0356805578814401,0.00375254772457287,2.06766820711924,0.100931457350706,0.306457687775173,0.0277959582638387,0.0474212973279029,0.0314801973463352,0.119318911303459,0.303226948740585,0.0278198510796756,0.0186720185667179,0.0380330669391414,0.04,2,2.9,1,1,0.94,0.63,0,0.045,0.02,0.139,0.792,0.02,0.049,0.179,0.727,0.013,0.038,0.173,0.776,0.047,0.051,0.169,0.734,0.043,0.067,0.08,0.79,0.794,0,0.057,0.157,0.005,0.006,0.172,0.782,0.017,0.003,0.193,0.328,0.015,0.036,0.125,0.84,0.005,0.011,0.168,0.804,NA,NA,NA,NA,NA,NA,NA,NA,1,1,1,1,0.61,1e-04,0.01253,1.68,5.79310344827586,0,296.319,55000,6.8e-11,0.194984459975805,0,0,0,0,0,0,0,0,NA,0,0,0,0,0,0,0,0,8.85,0.004166667,0,NA,0.97
134.028773534916,0.00417626486401439,0.0224386434626529,0.00769588703818024,0.00440411787348027,0.00065774894523633,0.162145577640075,0.49210250614305,0.0308101252210941,0.174676337967672,0.040215389618449,0.012204972486931,4.75838457655717,0.115256776622157,0.30461599971738,0.017436843970249,0.0577424469084486,0.00643612646928275,0.0768635485544994,0.3247110181857,0.0413648038174526,0.0158349137192659,0.109812524006516,0.04,2,2.9,1,1,0.94,0.63,0,0.045,0.02,0.139,0.792,0.02,0.049,0.179,0.727,0.013,0.038,0.173,0.776,0.047,0.051,0.169,0.734,0.043,0.067,0.08,0.79,0.794,0,0.057,0.157,0.005,0.006,0.172,0.782,0.017,0.003,0.193,0.328,0.015,0.036,0.125,0.84,0.005,0.011,0.168,0.804,NA,NA,NA,NA,NA,NA,NA,NA,1,1,1,1,0.61,1e-04,0.01253,1.68,5.79310344827586,0,296.319,55000,6.8e-11,0.194984459975805,0,0,0,0,0,0,0,0,NA,0,0,0,0,0,0,0,0,8.85,0.004166667,0,NA,0.97
136.756500438516,0.00333925619069669,0.0156683744326341,0.00936724919882724,0.00441006581695848,0.00375312969617968,0.163747046847861,0.424149670063628,0.0419996652201058,0.154735632544108,0.0466147651351048,0.0128635212071102,4.41044341567054,0.0863102531800478,0.229383135703873,0.00651000932108164,0.0641856694395563,0.0177646422336427,0.0546099776162359,0.156552639193891,0.0415144535489269,0.0160795472496949,0.0410572060722111,0.04,2,2.9,1,1,0.94,0.63,0,0.045,0.02,0.139,0.792,0.02,0.049,0.179,0.727,0.013,0.038,0.173,0.776,0.047,0.051,0.169,0.734,0.043,0.067,0.08,0.79,0.794,0,0.057,0.157,0.005,0.006,0.172,0.782,0.017,0.003,0.193,0.328,0.015,0.036,0.125,0.84,0.005,0.011,0.168,0.804,NA,NA,NA,NA,NA,NA,NA,NA,1,1,1,1,0.61,1e-04,0.01253,1.68,5.79310344827586,0,296.319,55000,6.8e-11,0.194984459975805,0,0,0,0,0,0,0,0,NA,0,0,0,0,0,0,0,0,8.85,0.004166667,0,NA,0.97
92.6686181184529,0.00374807802792451,0.0160258622976959,0.00981241178183185,0.00387759953542835,0.00103818207237206,0.145966929621442,0.454635626024585,0.0365155872266459,0.124866858872316,0.0362245958554167,0.00913122047639203,3.82209846943374,0.100396418568502,0.282693715700423,0.0346135429340156,0.0307205392346577,0.0230347458850629,0.0760526138555544,0.323134585993161,0.051634838861672,0.0140766838293012,0.106234094747178,0.04,2,2.9,1,1,0.94,0.63,0,0.045,0.02,0.139,0.792,0.02,0.049,0.179,0.727,0.013,0.038,0.173,0.776,0.047,0.051,0.169,0.734,0.043,0.067,0.08,0.79,0.794,0,0.057,0.157,0.005,0.006,0.172,0.782,0.017,0.003,0.193,0.328,0.015,0.036,0.125,0.84,0.005,0.011,0.168,0.804,NA,NA,NA,NA,NA,NA,NA,NA,1,1,1,1,0.61,1e-04,0.01253,1.68,5.79310344827586,0,296.319,55000,6.8e-11,0.194984459975805,0,0,0,0,0,0,0,0,NA,0,0,0,0,0,0,0,0,8.85,0.004166667,0,NA,0.97
90.837954422195,0.00417114140596487,0.0260276439638759,0.00904098429099772,0.00304528332401756,0.00170556419546567,0.167769334748121,0.450924874926666,0.0173220142943648,0.151046938458605,0.0366203586260071,0.0197016681158411,0.60081950754676,0.110184159699256,0.304130667139774,0.0236015845738826,0.0631970371650818,0.00980181945687792,0.0549968252289024,0.367994595908379,0.0590993984657678,0.0130428900909922,0.0312598526508178,0.04,2,2.9,1,1,0.94,0.63,0,0.045,0.02,0.139,0.792,0.02,0.049,0.179,0.727,0.013,0.038,0.173,0.776,0.047,0.051,0.169,0.734,0.043,0.067,0.08,0.79,0.794,0,0.057,0.157,0.005,0.006,0.172,0.782,0.017,0.003,0.193,0.328,0.015,0.036,0.125,0.84,0.005,0.011,0.168,0.804,NA,NA,NA,NA,NA,NA,NA,NA,1,1,1,1,0.61,1e-04,0.01253,1.68,5.79310344827586,0,296.319,55000,6.8e-11,0.194984459975805,0,0,0,0,0,0,0,0,NA,0,0,0,0,0,0,0,0,8.85,0.004166667,0,NA,0.97
160.756956927082,0.00403548708276769,0.0245449391280895,0.0104822628694397,0.00382600064857899,0.00246850416494604,0.137945065589413,0.428596563402353,0.0409987522602244,0.158753534467185,0.0346377989134288,0.00907233583928074,3.56587366403018,0.119458718684913,0.290705448503089,0.0333534921246727,0.0444627720292754,0.0165710505048324,0.0532188777197429,0.2188271382631,0.0195718376828792,0.0167986593375548,0.0666605157121676,0.04,2,2.9,1,1,0.94,0.63,0,0.045,0.02,0.139,0.792,0.02,0.049,0.179,0.727,0.013,0.038,0.173,0.776,0.047,0.051,0.169,0.734,0.043,0.067,0.08,0.79,0.794,0,0.057,0.157,0.005,0.006,0.172,0.782,0.017,0.003,0.193,0.328,0.015,0.036,0.125,0.84,0.005,0.011,0.168,0.804,NA,NA,NA,NA,NA,NA,NA,NA,1,1,1,1,0.61,1e-04,0.01253,1.68,5.79310344827586,0,296.319,55000,6.8e-11,0.194984459975805,0,0,0,0,0,0,0,0,NA,0,0,0,0,0,0,0,0,8.85,0.004166667,0,NA,0.97
126.040321706362,0.00387359765131125,0.0197997992101618,0.0104769253097355,0.004058392945529,0.000874044227367132,0.127933770445287,0.457892208538708,0.0398835215132897,0.167991141103879,0.0391107143813003,0.0101277089945437,3.7005823781087,0.125324843768961,0.425866110834956,0.0318563893618426,0.0315987872217022,0.00745471451689743,0.0316763951905375,0.37184408406672,0.04454093346493,0.0177380615417689,0.0651180166867815,0.04,2,2.9,1,1,0.94,0.63,0,0.045,0.02,0.139,0.792,0.02,0.049,0.179,0.727,0.013,0.038,0.173,0.776,0.047,0.051,0.169,0.734,0.043,0.067,0.08,0.79,0.794,0,0.057,0.157,0.005,0.006,0.172,0.782,0.017,0.003,0.193,0.328,0.015,0.036,0.125,0.84,0.005,0.011,0.168,0.804,NA,NA,NA,NA,NA,NA,NA,NA,1,1,1,1,0.61,1e-04,0.01253,1.68,5.79310344827586,0,296.319,55000,6.8e-11,0.194984459975805,0,0,0,0,0,0,0,0,NA,0,0,0,0,0,0,0,0,8.85,0.004166667,0,NA,0.97
121.86442754972,0.00370906384700202,0.0185870618322971,0.0100112247083024,0.0031733839210959,0.005020100349482,0.154877611486235,0.456452382285081,0.0282030568271331,0.142859005691017,0.036946003231702,0.0200415594295656,0.596620950491505,0.118661851804713,0.22733436353903,0.0157078996380213,0.0689212421550995,0.0261268820866025,0.0855467010770621,0.120240670295902,0.043134407739867,0.0193920642104127,0.0266581070821736,0.04,2,2.9,1,1,0.94,0.63,0,0.045,0.02,0.139,0.792,0.02,0.049,0.179,0.727,0.013,0.038,0.173,0.776,0.047,0.051,0.169,0.734,0.043,0.067,0.08,0.79,0.794,0,0.057,0.157,0.005,0.006,0.172,0.782,0.017,0.003,0.193,0.328,0.015,0.036,0.125,0.84,0.005,0.011,0.168,0.804,NA,NA,NA,NA,NA,NA,NA,NA,1,1,1,1,0.61,1e-04,0.01253,1.68,5.79310344827586,0,296.319,55000,6.8e-11,0.194984459975805,0,0,0,0,0,0,0,0,NA,0,0,0,0,0,0,0,0,8.85,0.004166667,0,NA,0.97
146.477930113051,0.00364597228491206,0.0229298863700977,0.00973906361700166,0.0035563424823625,0.00143426568599932,0.182452018929426,0.462095307874183,0.033061717493461,0.151685360796289,0.0335172546066533,0.010533438310894,5.2140612366521,0.115683334727552,0.330554980672169,0.024695188100171,0.0351682708961478,0.0211348117254687,0.0947356697301369,0.294001138282163,0.0769502928373846,0.0163817992931907,0.0350694720831649,0.04,2,2.9,1,1,0.94,0.63,0,0.045,0.02,0.139,0.792,0.02,0.049,0.179,0.727,0.013,0.038,0.173,0.776,0.047,0.051,0.169,0.734,0.043,0.067,0.08,0.79,0.794,0,0.057,0.157,0.005,0.006,0.172,0.782,0.017,0.003,0.193,0.328,0.015,0.036,0.125,0.84,0.005,0.011,0.168,0.804,NA,NA,NA,NA,NA,NA,NA,NA,1,1,1,1,0.61,1e-04,0.01253,1.68,5.79310344827586,0,296.319,55000,6.8e-11,0.194984459975805,0,0,0,0,0,0,0,0,NA,0,0,0,0,0,0,0,0,8.85,0.004166667,0,NA,0.97
111.851494461352,0.0046386301539049,0.0286818386705142,0.00939053983396824,0.00384078721934875,0.00252178241126376,0.121569234359975,0.469255193189822,0.0288824297550835,0.162022592780437,0.0434990898994846,0.00988813082795439,1.81765343346169,0.106073032413177,0.396400446701097,0.0178251764281898,0.0524420064423482,0.00779341367477443,0.0817081786458384,0.195642103528352,0.0604954142303474,0.0176466016422119,0.0522429073221072,0.04,2,2.9,1,1,0.94,0.63,0,0.045,0.02,0.139,0.792,0.02,0.049,0.179,0.727,0.013,0.038,0.173,0.776,0.047,0.051,0.169,0.734,0.043,0.067,0.08,0.79,0.794,0,0.057,0.157,0.005,0.006,0.172,0.782,0.017,0.003,0.193,0.328,0.015,0.036,0.125,0.84,0.005,0.011,0.168,0.804,NA,NA,NA,NA,NA,NA,NA,NA,1,1,1,1,0.61,1e-04,0.01253,1.68,5.79310344827586,0,296.319,55000,6.8e-11,0.194984459975805,0,0,0,0,0,0,0,0,NA,0,0,0,0,0,0,0,0,8.85,0.004166667,0,NA,0.97
100.443851465049,0.00413191487770072,0.027814976186335,0.0106172002564289,0.00384976912408871,0.00351536492851881,0.172612224382968,0.487374486291315,0.0421987280146907,0.156282063600768,0.031183542930275,0.0139674140504678,5.03116853766646,0.140518517341273,0.193304082615952,0.0147600892431294,0.117626354301411,0.0171572004214722,0.0512597109266086,0.208559107969872,0.0392710733443017,0.0174656197069247,0.0703065571925675,0.04,2,2.9,1,1,0.94,0.63,0,0.045,0.02,0.139,0.792,0.02,0.049,0.179,0.727,0.013,0.038,0.173,0.776,0.047,0.051,0.169,0.734,0.043,0.067,0.08,0.79,0.794,0,0.057,0.157,0.005,0.006,0.172,0.782,0.017,0.003,0.193,0.328,0.015,0.036,0.125,0.84,0.005,0.011,0.168,0.804,NA,NA,NA,NA,NA,NA,NA,NA,1,1,1,1,0.61,1e-04,0.01253,1.68,5.79310344827586,0,296.319,55000,6.8e-11,0.194984459975805,0,0,0,0,0,0,0,0,NA,0,0,0,0,0,0,0,0,8.85,0.004166667,0,NA,0.97
88.0224105096669,0.00363384295675632,0.0167218502908469,0.00905846425770672,0.0040618126912455,0.00319756699387052,0.165923945972586,0.491701204928676,0.0338539836460848,0.147147519110246,0.0369034183184878,0.00860567195105527,4.14373889288923,0.0807924587647093,0.275236706409626,0.0116101938719937,0.0421118126051789,0.00831483977823897,0.0621647942533329,0.24613984094599,0.0488807610054551,0.0161646263266645,0.0553687616784585,0.04,2,2.9,1,1,0.94,0.63,0,0.045,0.02,0.139,0.792,0.02,0.049,0.179,0.727,0.013,0.038,0.173,0.776,0.047,0.051,0.169,0.734,0.043,0.067,0.08,0.79,0.794,0,0.057,0.157,0.005,0.006,0.172,0.782,0.017,0.003,0.193,0.328,0.015,0.036,0.125,0.84,0.005,0.011,0.168,0.804,NA,NA,NA,NA,NA,NA,NA,NA,1,1,1,1,0.61,1e-04,0.01253,1.68,5.79310344827586,0,296.319,55000,6.8e-11,0.194984459975805,0,0,0,0,0,0,0,0,NA,0,0,0,0,0,0,0,0,8.85,0.004166667,0,NA,0.97
120.971244442292,0.00425473455731731,0.026988871217612,0.00833012315787996,0.00394411684227889,0.00460343267147104,0.169631556664392,0.450453675707435,0.0289858254782932,0.145320267607183,0.0399265620379363,0.0122768971538232,3.19896491762354,0.0935223828423062,0.333424934131174,0.0335822011596587,0.0178269173515619,0.0197172085885385,0.0835250686004431,0.17407798528846,0.0320628453242886,0.0180522473446295,0.0206488910548911,0.04,2,2.9,1,1,0.94,0.63,0,0.045,0.02,0.139,0.792,0.02,0.049,0.179,0.727,0.013,0.038,0.173,0.776,0.047,0.051,0.169,0.734,0.043,0.067,0.08,0.79,0.794,0,0.057,0.157,0.005,0.006,0.172,0.782,0.017,0.003,0.193,0.328,0.015,0.036,0.125,0.84,0.005,0.011,0.168,0.804,NA,NA,NA,NA,NA,NA,NA,NA,1,1,1,1,0.61,1e-04,0.01253,1.68,5.79310344827586,0,296.319,55000,6.8e-11,0.194984459975805,0,0,0,0,0,0,0,0,NA,0,0,0,0,0,0,0,0,8.85,0.004166667,0,NA,0.97
114.118346203562,0.00382215875412072,0.0208986506584604,0.0106251837739706,0.00397245371557086,0.000271878021860594,0.154622538299778,0.44182378147311,0.0293158932048103,0.156068800979774,0.044326824954712,0.0123671580369372,4.92100733778225,0.0997427286608041,0.232806473658006,0.017749459527099,0.0248162721646744,0.00846235407124077,0.0673381723084363,0.146049952644886,0.0432432774164069,0.0146182536043097,0.0448138793847292,0.04,2,2.9,1,1,0.94,0.63,0,0.045,0.02,0.139,0.792,0.02,0.049,0.179,0.727,0.013,0.038,0.173,0.776,0.047,0.051,0.169,0.734,0.043,0.067,0.08,0.79,0.794,0,0.057,0.157,0.005,0.006,0.172,0.782,0.017,0.003,0.193,0.328,0.015,0.036,0.125,0.84,0.005,0.011,0.168,0.804,NA,NA,NA,NA,NA,NA,NA,NA,1,1,1,1,0.61,1e-04,0.01253,1.68,5.79310344827586,0,296.319,55000,6.8e-11,0.194984459975805,0,0,0,0,0,0,0,0,NA,0,0,0,0,0,0,0,0,8.85,0.004166667,0,NA,0.97
117.805547110868,0.00435376055093125,0.0193716096873541,0.0109141524004153,0.00388110222280549,0.00303077516462717,0.149165842484037,0.424014413573311,0.0304836870809893,0.166264979893052,0.0371676928335367,0.00916274926376101,1.7928261167077,0.0709436155347827,0.359198098552938,0.0291020988038476,0.0629226482729905,0.0217759629190839,0.0706831419807096,0.265734366801303,0.0416362855691329,0.0169475387854939,0.0435131355957229,0.04,2,2.9,1,1,0.94,0.63,0,0.045,0.02,0.139,0.792,0.02,0.049,0.179,0.727,0.013,0.038,0.173,0.776,0.047,0.051,0.169,0.734,0.043,0.067,0.08,0.79,0.794,0,0.057,0.157,0.005,0.006,0.172,0.782,0.017,0.003,0.193,0.328,0.015,0.036,0.125,0.84,0.005,0.011,0.168,0.804,NA,NA,NA,NA,NA,NA,NA,NA,1,1,1,1,0.61,1e-04,0.01253,1.68,5.79310344827586,0,296.319,55000,6.8e-11,0.194984459975805,0,0,0,0,0,0,0,0,NA,0,0,0,0,0,0,0,0,8.85,0.004166667,0,NA,0.97
184.983941052914,0.00362416483007943,0.0145750536342632,0.0108061165426999,0.00374376025384895,0.00302274587824208,0.232431212467909,0.480516990559485,0.0348773287985727,0.141921688730809,0.0390369705383083,0.00680433526771514,3.61888280095575,0.101563804146375,0.350879654299255,0.0130768183051265,0.0656079462239006,0.0249501137298288,0.0607269509582322,0.400246035061154,0.045748101772156,0.0176914230323285,0.0188832725302022,0.04,2,2.9,1,1,0.94,0.63,0,0.045,0.02,0.139,0.792,0.02,0.049,0.179,0.727,0.013,0.038,0.173,0.776,0.047,0.051,0.169,0.734,0.043,0.067,0.08,0.79,0.794,0,0.057,0.157,0.005,0.006,0.172,0.782,0.017,0.003,0.193,0.328,0.015,0.036,0.125,0.84,0.005,0.011,0.168,0.804,NA,NA,NA,NA,NA,NA,NA,NA,1,1,1,1,0.61,1e-04,0.01253,1.68,5.79310344827586,0,296.319,55000,6.8e-11,0.194984459975805,0,0,0,0,0,0,0,0,NA,0,0,0,0,0,0,0,0,8.85,0.004166667,0,NA,0.97
123.428746748597,0.00342874229173198,0.0159850978233324,0.00829503438921729,0.0046893938725015,0.00399229855126822,0.166863695793699,0.447703109362855,0.0458932961590642,0.152966732398646,0.037606553130317,0.0189667959823562,4.36982656917477,0.110098576003823,0.200990402410259,0.0104274429617177,0.0417193008160256,0.0127357460702672,0.0700526696959543,0.440536992890024,0.060341293728363,0.0156831648637753,0.0417433656121341,0.04,2,2.9,1,1,0.94,0.63,0,0.045,0.02,0.139,0.792,0.02,0.049,0.179,0.727,0.013,0.038,0.173,0.776,0.047,0.051,0.169,0.734,0.043,0.067,0.08,0.79,0.794,0,0.057,0.157,0.005,0.006,0.172,0.782,0.017,0.003,0.193,0.328,0.015,0.036,0.125,0.84,0.005,0.011,0.168,0.804,NA,NA,NA,NA,NA,NA,NA,NA,1,1,1,1,0.61,1e-04,0.01253,1.68,5.79310344827586,0,296.319,55000,6.8e-11,0.194984459975805,0,0,0,0,0,0,0,0,NA,0,0,0,0,0,0,0,0,8.85,0.004166667,0,NA,0.97
116.003161931054,0.00325487820393035,0.0197466961077943,0.0100392613079795,0.00352640845783678,0.000621999657019568,0.156640795005481,0.435207962127519,0.0405051189541678,0.165853231065387,0.0429350633528146,0.0174368146983275,2.71120708297122,0.0840859349678379,0.35387718924862,0.0116912067437513,0.043203850907788,0.00953068146953633,0.0490098744092389,0.406362336928494,0.060100013960158,0.0182297536337489,0.0189774455802646,0.04,2,2.9,1,1,0.94,0.63,0,0.045,0.02,0.139,0.792,0.02,0.049,0.179,0.727,0.013,0.038,0.173,0.776,0.047,0.051,0.169,0.734,0.043,0.067,0.08,0.79,0.794,0,0.057,0.157,0.005,0.006,0.172,0.782,0.017,0.003,0.193,0.328,0.015,0.036,0.125,0.84,0.005,0.011,0.168,0.804,NA,NA,NA,NA,NA,NA,NA,NA,1,1,1,1,0.61,1e-04,0.01253,1.68,5.79310344827586,0,296.319,55000,6.8e-11,0.194984459975805,0,0,0,0,0,0,0,0,NA,0,0,0,0,0,0,0,0,8.85,0.004166667,0,NA,0.97
98.4329298190111,0.00347398430374016,0.0175694129625051,0.00966524547962025,0.00377791929870038,0.0041604787145028,0.185837449540365,0.494771337924245,0.0352903455498116,0.164536651920456,0.0400732733464286,0.0230379507354282,1.25179498169367,0.102718510703529,0.409731871646962,0.0103370581846817,0.0195936377651668,0.0256459136963227,0.0701506584580578,0.281867738569833,0.0669952366151811,0.0163783090980632,0.051407858396206,0.04,2,2.9,1,1,0.94,0.63,0,0.045,0.02,0.139,0.792,0.02,0.049,0.179,0.727,0.013,0.038,0.173,0.776,0.047,0.051,0.169,0.734,0.043,0.067,0.08,0.79,0.794,0,0.057,0.157,0.005,0.006,0.172,0.782,0.017,0.003,0.193,0.328,0.015,0.036,0.125,0.84,0.005,0.011,0.168,0.804,NA,NA,NA,NA,NA,NA,NA,NA,1,1,1,1,0.61,1e-04,0.01253,1.68,5.79310344827586,0,296.319,55000,6.8e-11,0.194984459975805,0,0,0,0,0,0,0,0,NA,0,0,0,0,0,0,0,0,8.85,0.004166667,0,NA,0.97
79.6271294468557,0.0035290468465471,0.0239290185606997,0.0102063883157173,0.00418354254930578,0.00266023079528287,0.198264676768822,0.410611536535617,0.0261885523157767,0.155791907385683,0.0378309069424825,0.00207311086396528,4.17638854267547,0.0908971763865532,0.380049892648391,0.0219170957217139,0.083800012768569,0.0186972653250814,0.0653431360447969,0.338524187745732,0.0956649587960673,0.0240949989331143,0.0516047061003999,0.04,2,2.9,1,1,0.94,0.63,0,0.045,0.02,0.139,0.792,0.02,0.049,0.179,0.727,0.013,0.038,0.173,0.776,0.047,0.051,0.169,0.734,0.043,0.067,0.08,0.79,0.794,0,0.057,0.157,0.005,0.006,0.172,0.782,0.017,0.003,0.193,0.328,0.015,0.036,0.125,0.84,0.005,0.011,0.168,0.804,NA,NA,NA,NA,NA,NA,NA,NA,1,1,1,1,0.61,1e-04,0.01253,1.68,5.79310344827586,0,296.319,55000,6.8e-11,0.194984459975805,0,0,0,0,0,0,0,0,NA,0,0,0,0,0,0,0,0,8.85,0.004166667,0,NA,0.97
105.689867086086,0.00376379249998449,0.0231280985831172,0.0100655297680331,0.00436542784471743,0.00142909614272531,0.159439801528224,0.487268294115472,0.0333807346742864,0.13589258408929,0.0406142145193199,0.0133507349750107,1.73790410592522,0.152234634059218,0.18525874484431,0.00368641748027247,0.0614264384166002,0.0185858540950343,0.0582630028550439,0.288821964865009,0.0614018683556203,0.0173785606773716,0.0663886279347326,0.04,2,2.9,1,1,0.94,0.63,0,0.045,0.02,0.139,0.792,0.02,0.049,0.179,0.727,0.013,0.038,0.173,0.776,0.047,0.051,0.169,0.734,0.043,0.067,0.08,0.79,0.794,0,0.057,0.157,0.005,0.006,0.172,0.782,0.017,0.003,0.193,0.328,0.015,0.036,0.125,0.84,0.005,0.011,0.168,0.804,NA,NA,NA,NA,NA,NA,NA,NA,1,1,1,1,0.61,1e-04,0.01253,1.68,5.79310344827586,0,296.319,55000,6.8e-11,0.194984459975805,0,0,0,0,0,0,0,0,NA,0,0,0,0,0,0,0,0,8.85,0.004166667,0,NA,0.97
128.748232336503,0.00465123341403569,0.020624041944021,0.0105432557580974,0.00394754289426107,0.00384166772305579,0.170460778386641,0.468599581822606,0.0222317553080286,0.147039713578038,0.0393933813549765,0.00658384098026538,3.85479850786435,0.117982694677891,0.373681219882805,0.0248571237329401,0.0593208889874563,0.0122038263230348,0.0816457075066428,0.342987321172182,0.0599735056733058,0.0185708339755556,0.0498016255911725,0.04,2,2.9,1,1,0.94,0.63,0,0.045,0.02,0.139,0.792,0.02,0.049,0.179,0.727,0.013,0.038,0.173,0.776,0.047,0.051,0.169,0.734,0.043,0.067,0.08,0.79,0.794,0,0.057,0.157,0.005,0.006,0.172,0.782,0.017,0.003,0.193,0.328,0.015,0.036,0.125,0.84,0.005,0.011,0.168,0.804,NA,NA,NA,NA,NA,NA,NA,NA,1,1,1,1,0.61,1e-04,0.01253,1.68,5.79310344827586,0,296.319,55000,6.8e-11,0.194984459975805,0,0,0,0,0,0,0,0,NA,0,0,0,0,0,0,0,0,8.85,0.004166667,0,NA,0.97
88.5631299040261,0.00377771135177672,0.0182094497919467,0.0100618639194688,0.0040110841303494,0.00528098392942213,0.173275556603291,0.474544286540854,0.0332082258927742,0.135327030567376,0.0415973445393094,0.0245539754245379,1.70513408237611,0.0758103196024009,0.234822702982173,0.00951152225193787,0.03173490896112,0.0181017892560448,0.0692568702723843,0.23452690988269,0.0966304602968863,0.0200705384483894,0.137633726372381,0.04,2,2.9,1,1,0.94,0.63,0,0.045,0.02,0.139,0.792,0.02,0.049,0.179,0.727,0.013,0.038,0.173,0.776,0.047,0.051,0.169,0.734,0.043,0.067,0.08,0.79,0.794,0,0.057,0.157,0.005,0.006,0.172,0.782,0.017,0.003,0.193,0.328,0.015,0.036,0.125,0.84,0.005,0.011,0.168,0.804,NA,NA,NA,NA,NA,NA,NA,NA,1,1,1,1,0.61,1e-04,0.01253,1.68,5.79310344827586,0,296.319,55000,6.8e-11,0.194984459975805,0,0,0,0,0,0,0,0,NA,0,0,0,0,0,0,0,0,8.85,0.004166667,0,NA,0.97
142.880393798232,0.00402930006803855,0.0229120479457907,0.00882446832377017,0.00433236793842049,0.00523384457809641,0.184617973174519,0.439475064500588,0.0338389254262007,0.147645205006865,0.0347795092819856,0.0192570211768308,2.82419611134967,0.116020476864674,0.243248748372542,0.0289870191586871,0.0295803017012009,0.0126895906958404,0.0777309180789282,0.263171466902909,0.0471065569020952,0.0131573450884259,0.0670203887862438,0.04,2,2.9,1,1,0.94,0.63,0,0.045,0.02,0.139,0.792,0.02,0.049,0.179,0.727,0.013,0.038,0.173,0.776,0.047,0.051,0.169,0.734,0.043,0.067,0.08,0.79,0.794,0,0.057,0.157,0.005,0.006,0.172,0.782,0.017,0.003,0.193,0.328,0.015,0.036,0.125,0.84,0.005,0.011,0.168,0.804,NA,NA,NA,NA,NA,NA,NA,NA,1,1,1,1,0.61,1e-04,0.01253,1.68,5.79310344827586,0,296.319,55000,6.8e-11,0.194984459975805,0,0,0,0,0,0,0,0,NA,0,0,0,0,0,0,0,0,8.85,0.004166667,0,NA,0.97
