"blood_t0.05","blood_t0.1","blood_t0.15","blood_t0.2","blood_t0.25","blood_t0.5","blood_t0.75","blood_t1","blood_t1.25","blood_t1.5","blood_t1.75","blood_t2","blood_t2.25","blood_t2.5","blood_t2.75","blood_t3","blood_t3.25","blood_t3.5","blood_t3.75","blood_t4","blood_t4.25","blood_t4.5","blood_t4.75","blood_t5","blood_t5.25","blood_t5.5","blood_t5.75","blood_t6","blood_t6.25","blood_t6.5","blood_t6.75","blood_t7","blood_t7.25","blood_t7.5","blood_t7.75","blood_t8","blood_t8.25","blood_t8.5","blood_t8.75","blood_t9","blood_t9.25","blood_t9.5","blood_t9.75","blood_t10","blood_t10.25","blood_t10.5","blood_t10.75","blood_t11","blood_t11.25","blood_t11.5","blood_t11.75","blood_t12","blood_t12.25","blood_t12.5","blood_t12.75","blood_t13","blood_t13.25","blood_t13.5","blood_t13.75","blood_t14","blood_t14.25","blood_t14.5","blood_t14.75","blood_t15","blood_t15.25","blood_t15.5","blood_t15.75","blood_t16","blood_t16.25","blood_t16.5","blood_t16.75","blood_t17","blood_t17.25","blood_t17.5","blood_t17.75","blood_t18","blood_t18.25","blood_t18.5","blood_t18.75","blood_t19","blood_t19.25","blood_t19.5","blood_t19.75","blood_t20","blood_t20.25","blood_t20.5","blood_t20.75","blood_t21","blood_t21.25","blood_t21.5","blood_t21.75","blood_t22","blood_t22.25","blood_t22.5","blood_t22.75","blood_t23","blood_t23.25","blood_t23.5","blood_t23.75","blood_t24","wholebody_t0.05","wholebody_t0.1","wholebody_t0.15","wholebody_t0.2","wholebody_t0.25","wholebody_t0.5","wholebody_t0.75","wholebody_t1","wholebody_t1.25","wholebody_t1.5","wholebody_t1.75","wholebody_t2","wholebody_t2.25","wholebody_t2.5","wholebody_t2.75","wholebody_t3","wholebody_t3.25","wholebody_t3.5","wholebody_t3.75","wholebody_t4","wholebody_t4.25","wholebody_t4.5","wholebody_t4.75","wholebody_t5","wholebody_t5.25","wholebody_t5.5","wholebody_t5.75","wholebody_t6","wholebody_t6.25","wholebody_t6.5","wholebody_t6.75","wholebody_t7","wholebody_t7.25","wholebody_t7.5","wholebody_t7.75","wholebody_t8","wholebody_t8.25","wholebody_t8.5","wholebody_t8.75","wholebody_t9","wholebody_t9.25","wholebody_t9.5","wholebody_t9.75","wholebody_t10","wholebody_t10.25","wholebody_t10.5","wholebody_t10.75","wholebody_t11","wholebody_t11.25","wholebody_t11.5","wholebody_t11.75","wholebody_t12","wholebody_t12.25","wholebody_t12.5","wholebody_t12.75","wholebody_t13","wholebody_t13.25","wholebody_t13.5","wholebody_t13.75","wholebody_t14","wholebody_t14.25","wholebody_t14.5","wholebody_t14.75","wholebody_t15","wholebody_t15.25","wholebody_t15.5","wholebody_t15.75","wholebody_t16","wholebody_t16.25","wholebody_t16.5","wholebody_t16.75","wholebody_t17","wholebody_t17.25","wholebody_t17.5","wholebody_t17.75","wholebody_t18","wholebody_t18.25","wholebody_t18.5","wholebody_t18.75","wholebody_t19","wholebody_t19.25","wholebody_t19.5","wholebody_t19.75","wholebody_t20","wholebody_t20.25","wholebody_t20.5","wholebody_t20.75","wholebody_t21","wholebody_t21.25","wholebody_t21.5","wholebody_t21.75","wholebody_t22","wholebody_t22.25","wholebody_t22.5","wholebody_t22.75","wholebody_t23","wholebody_t23.25","wholebody_t23.5","wholebody_t23.75","wholebody_t24"
30.7932490433985,18.121400106271,NA,8.97183490838324,7.90961734090553,5.89294428683635,4.84938628173619,4.07450878964559,3.44258202836208,2.91323571378925,2.4664058246421,2.08838920905846,1.7683795070637,1.49742328238477,1.26798815040721,1.07370816470989,0.909195858757595,0.769890005295303,0.651928438216753,0.552040796783548,0.467457813117956,0.395834526130259,0.335185267445954,0.283828610450332,0.240340754608636,0.203516052291262,0.172333583655974,0.145928852890786,0.123569821123983,0.10463661154139,0.0886043240596618,0.0750284831133335,0.0635327151132863,0.053798313949235,0.0455554052525483,0.0385754644593916,0.0326649812466445,0.0276600946948253,0.0234220504444739,0.0198333539012111,0.0167945128417864,0.0142212791138519,0.012042312958961,0.0101972052050022,0.0086348024957737,0.00731178912673488,0.00619148617006649,0.00524283459624922,0.00443953420045071,0.00375931446150751,0.00318331711895917,0.00269557335083773,0.00228256105760594,0.00193282997848304,0.00163668424696646,0.00138591358478957,0.00117356568199659,0.000993753452650691,0.000841491822575325,0.000712559524268687,0.000603382067424152,0.000510932640557568,0.000432648196360168,0.000366358394346144,0.000310225430816663,0.000262693087999655,0.0002224435898151,0.000188361068144639,0.000159500626752521,0.000135062145192932,0.000114368096449053,9.68447633250263e-05,8.20063328382698e-05,6.9441427648605e-05,5.88017011245516e-05,4.97921798589426e-05,4.21630858919168e-05,3.57029119224206e-05,3.02325575269267e-05,2.5600363819203e-05,2.16779088931476e-05,1.83564474824811e-05,1.55438961312177e-05,1.31622802924516e-05,1.11455725793947e-05,9.43786223681893e-06,7.99180508373762e-06,6.76731095388204e-06,5.73043224486572e-06,4.85242276242079e-06,4.10894076731399e-06,3.47937413039257e-06,2.94626888650885e-06,2.49484534468005e-06,2.11258833922897e-06,1.78890026211968e-06,1.51480725723396e-06,1.28271043118397e-06,1.08617518328542e-06,9.19752814122008e-07,7.02890524181364,7.020308812971,NA,6.31208180984079,6.05543126277484,5.05149022408061,4.26193783834691,3.60528671766319,3.05200304498279,2.58415949666972,2.18816305061307,1.85288176318667,1.56898214136626,1.32858384101259,1.12501970981569,0.952645577207851,0.806682429305887,0.683083578140414,0.57842238710185,0.48979725023763,0.414751143395353,0.351203504879623,0.297392554082935,0.251826448187116,0.213241922623955,0.180569268604411,0.152902676749155,0.129475124630853,0.109637112015227,0.0928386542612775,0.0786140346696468,0.0665688930566301,0.0563692926003206,0.0477324618505742,0.0404189552363402,0.0342260147300076,0.0289819486290304,0.0245413716134275,0.0207811741155686,0.0175971092579558,0.0149009027360224,0.0126178055209843,0.0106845215344236,0.00904745284191508,0.00766121371583656,0.00648737237156999,0.00549338549326894,0.00465169601022217,0.00393896911076609,0.00333544531316618,0.0028243926581487,0.00239164283579032,0.00202519838645112,0.00171490008587713,0.00145214529313094,0.00122964945289147,0.00104124414006551,0.000881706047745014,0.000746612177410403,0.000632217216705209,0.000535349705230929,0.000453324109685672,0.000383866370737351,0.000325050857509515,0.000275246981820047,0.000233073992117765,0.000197362693834107,0.000167123034893461,0.000141516657730044,0.000119833656849575,0.000101472897567542,8.59253502851725e-05,7.2759978266268e-05,6.1611787670784e-05,5.21717085469448e-05,4.41780262447742e-05,3.7409125697461e-05,3.16773474146318e-05,2.68237848524588e-05,2.27138789240495e-05,1.92336875133074e-05,1.62867265690964e-05,1.37912952029082e-05,1.16782106316353e-05,9.88889016950924e-06,8.37372709477525e-06,7.09071536399246e-06,6.00428504584651e-06,5.08431618830022e-06,4.30530377975538e-06,3.64565065379476e-06,3.08706873415314e-06,2.61407202016629e-06,2.21354725633955e-06,1.87439038337461e-06,1.58719869170406e-06,1.34401014286659e-06,1.13808263172703e-06,9.63707069856022e-07,8.1604910803457e-07
31.0481609100689,19.1326091744493,NA,9.56316228915295,8.58197484253349,6.87129963734283,5.72924784337798,4.79221168685556,4.01164539937066,3.35894790963765,2.81261892970697,2.35519355427449,1.97217227936994,1.65144426273419,1.3828760837154,1.15798438758707,0.96966601450695,0.811973126518693,0.679925205346464,0.569351707829305,0.476760333356754,0.399226721238963,0.334302088116662,0.279935886499604,0.234411041202505,0.196289718067407,0.164367912114576,0.137637420843645,0.115254001664813,0.096510707759076,0.0808155602201679,0.0676728512861357,0.0566674881510329,0.0474518828794399,0.039734974361362,0.0332730355823709,0.0278619758703619,0.0233308949969065,0.0195366855491289,0.0163595130960964,0.0136990313975383,0.011471213117921,0.0096056959487229,0.00804356032015159,0.00673546851464928,0.00564010640887153,0.00472287862888929,0.0039548159070428,0.00331166013094795,0.0027730981872961,0.00232212040254978,0.00194448331784302,0.001628259830635,0.00136346249501409,0.00114172808315553,0.000956053445278321,0.000800574325633048,0.000670380148754371,0.000561358926279037,0.00047006738594316,0.000393622220977387,0.000329609025174755,0.000276006037481542,0.000231120287698048,0.000193534126546781,0.000162060451340213,0.000135705213117776,0.000113636021096107,9.51558528510448e-05,7.96810399068075e-05,6.67228334400929e-05,5.58719678794507e-05,4.678573486429e-05,3.91771593138516e-05,3.28059357484713e-05,2.74708386003962e-05,2.30033668051729e-05,1.92624219475301e-05,1.61298518789541e-05,1.35067190587818e-05,1.13101757599455e-05,9.47084744741824e-06,7.93064168727833e-06,6.64091338406493e-06,5.56092839818964e-06,4.65657701905808e-06,3.89929666087393e-06,3.26516975608364e-06,2.73416835477551e-06,2.28952157183472e-06,1.91718590361892e-06,1.60540168489857e-06,1.34432167741802e-06,1.12570005960233e-06,9.42631994614969e-07,7.89335551412949e-07,6.60969091102067e-07,5.53478351013401e-07,4.63468396880314e-07,3.88096398916979e-07,7.97777666308497,8.0438418733541,NA,7.27674881733087,6.99513495070388,5.8372003118076,4.88520984028746,4.09013770680573,3.42482921982825,2.86782633045499,2.40143363616928,2.01089553287117,1.68387096156401,1.41002960353033,1.18072211057564,0.988706013788966,0.827916733439873,0.693275969472388,0.580531291494029,0.486121826526402,0.407065792538438,0.340866322849171,0.285432606190215,0.239013851518511,0.200143991887839,0.167595380913448,0.140340019396003,0.117517087504004,0.0984057570667376,0.0824024252945169,0.0690016508872897,0.0577801904270921,0.0483836308676783,0.0405151959285013,0.0339263728597393,0.0284090635387589,0.0237890120021348,0.0199203008316562,0.0166807425709009,0.0139680206171632,0.011696457704578,0.0097943099158144,0.00820150075774429,0.0068677237352548,0.00575085349583684,0.00481561536332704,0.00403247124001668,0.00337668669001157,0.00282754973906625,0.00236771671785344,0.00198266448810693,0.00166023175101965,0.00139023495080885,0.0011641466423368,0.000974826164509499,0.000816294113175285,0.000683543490587271,0.000572381566867801,0.00047929745890574,0.00040135124436416,0.00033608110863016,0.000281425592082115,0.000235658481970567,0.000197334292570195,0.000165242611674986,0.000138369871538965,0.000115867336854782,9.70242987183739e-05,8.12456279511332e-05,6.80329788348568e-05,5.69690496075428e-05,4.77044026113384e-05,3.99464278267223e-05,3.34501012226545e-05,2.80102460390046e-05,2.34550525854376e-05,1.96406518892968e-05,1.64465718092672e-05,1.37719321029658e-05,1.15322582753586e-05,9.65681357817148e-06,8.08636489548769e-06,6.771311954368e-06,5.67012077441031e-06,4.74801187909531e-06,3.97586183803549e-06,3.32928344698222e-06,2.78785549445213e-06,2.33447778830363e-06,1.95483107174248e-06,1.63692477101128e-06,1.37071829105002e-06,1.14780389831742e-06,9.61141175101297e-07,8.04834658454553e-07,6.7394764081498e-07,5.6434625148008e-07,4.7256889448338e-07,3.95716919262867e-07,3.31363071118092e-07
26.4255355207737,17.6799179149157,NA,9.05606696131152,7.84942439369528,5.79070506691416,4.78203918055327,3.99203044908808,3.34183360241425,2.8017427410887,2.35118899796191,1.97431875144434,1.65852913713017,1.39361737780119,1.17122019812719,0.984423632732276,0.827479081862305,0.695588672987864,0.584737965453331,0.491562490266207,0.413239475782106,0.347398966557886,0.292050273231236,0.245520779690797,0.206404848608412,0.173521057966992,0.145876354720804,0.122635976271828,0.103098195016616,0.0866731034574947,0.0728647884433085,0.0612563503878376,0.051497311917339,0.0432930340186554,0.0363958191767212,0.0305974323641089,0.0257228137930521,0.0216247934527687,0.0181796477718701,0.0152833642096012,0.0128485009742483,0.010801547046289,0.00908070279497943,0.00763401417872572,0.00641780419654888,0.00539535423331515,0.00453579548651848,0.00381317700528976,0.00320568220458058,0.00269497020017802,0.00226562207872547,0.00190467538504645,0.00160123277245366,0.00134613300078909,0.00113167434928703,0.000951382093811038,0.000799813028365144,0.000672391129184589,0.000565269399938022,0.000475213727007364,0.000399505238318375,0.000335858217835933,0.000282351097479367,0.00023736844303377,0.000199552182553134,0.000167760604791328,0.000141033889781985,0.000118565130900539,9.96759735351055e-05,8.37961348729553e-05,7.0446186484183e-05,5.92230798913134e-05,4.97879781271113e-05,4.18560259029909e-05,3.5187749539037e-05,2.95818270108039e-05,2.48690098332749e-05,2.0907013277498e-05,1.75762206503545e-05,1.47760719453142e-05,1.24220278338789e-05,1.04430173375405e-05,8.77929212288017e-06,7.38062263880323e-06,6.20478163546332e-06,5.21626928077515e-06,4.3852413844902e-06,3.68660837183387e-06,3.09927780380454e-06,2.60551757505431e-06,2.19042056364981e-06,1.84145456994661e-06,1.54808395677542e-06,1.30145156787383e-06,1.09411132135837e-06,9.19803404962823e-07,7.73265285959043e-07,6.50072829958146e-07,5.4650673180766e-07,4.59440225997938e-07,6.83067666266657,6.82584514330989,NA,6.07887966913675,5.81604248986459,4.82154646342215,4.0387837446507,3.38863055108423,2.84518265553809,2.38994754813561,2.00812579387442,1.6876184965789,1.41843744667573,1.19228550038066,1.00224187238687,0.842518132489209,0.708264296481487,0.595411938589608,0.500545646518227,0.420796784626513,0.353755181364097,0.297395432029557,0.250015240762344,0.210183748451623,0.176698181751919,0.148547457156806,0.124881610032014,0.104986108557736,0.088260267760458,0.0741991068343614,0.0623780992216092,0.0524403535196702,0.0440858373632038,0.0370623184845681,0.0311577492063654,0.0261938643106448,0.0220207989239252,0.0185125638860988,0.0155632419779235,0.0130837901552905,0.0109993512398846,0.00924699389985238,0.00777381268623492,0.00653533076226439,0.00549415710171568,0.0046188576154486,0.00388300612413147,0.00326438652495463,0.00274432206488576,0.00230711147051789,0.00193955491068297,0.00163055548015317,0.00137078417281406,0.00115239822950755,0.00096880435717904,0.000814459670674078,0.000684704347414907,0.00057562094263191,0.000483916117733902,0.000406821211076824,0.000342008649261487,0.000287521675332675,0.000241715272302681,0.000203206498420544,0.000170832734758404,0.000143616584567284,0.000120736364678242,0.000101501298054391,8.53306585317702e-05,7.17362381076524e-05,6.03076074459429e-05,5.06997245993859e-05,4.26225178433357e-05,3.58321281162831e-05,3.01235466675388e-05,2.53244256351893e-05,2.12898746894014e-05,1.78980866464585e-05,1.50466599863835e-05,1.26495072472249e-05,1.06342559572952e-05,8.94006363687238e-06,7.51578090204784e-06,6.31840721296572e-06,5.311792643926e-06,4.46554648047492e-06,3.75411969292221e-06,3.15603358523042e-06,2.65323133140411e-06,2.23053282160508e-06,1.87517635924516e-06,1.57643337242696e-06,1.32528450748057e-06,1.11414732553146e-06,9.36647380982903e-07,7.87425770540398e-07,6.61977342487714e-07,5.5651468158879e-07,4.6785376318166e-07,3.93317824245609e-07
10.7727490698989,11.5695031564305,NA,7.01927428375851,6.0692888757498,4.7023975624999,4.05466806117285,3.52609285994795,3.07874998827378,2.69486518113002,2.36266627736868,2.07362111080207,1.82121317895238,1.60026939660453,1.40655985731637,1.23654862662828,1.08723235324046,0.956031291041575,0.840712371312289,0.73933244086781,0.65019463231212,0.571813633415963,0.502887253314808,0.44227264167075,0.388966087083693,0.342085665562054,0.300856222385399,0.264596305303347,0.232706755114795,0.204660719579281,0.179994899087143,0.158301863927278,0.13922330715469,0.122444116291099,0.107687162825945,0.0947087216336931,0.0832944435843343,0.0732558142040074,0.0644270395301301,0.056662307513195,0.0498333796091358,0.0438274727118492,0.0385453964013335,0.033899914717604,0.0298143053892875,0.0262210927130676,0.0230609331517277,0.0202816352428947,0.0178372976300477,0.0156875509789372,0.0137968912587072,0.0121340933761963,0.0106716954791146,0.00938554541100561,0.0082544018274211,0.00725958338552128,0.00638466021328313,0.00561518256277863,0.00493844216610133,0.00434326235262223,0.00381981346126488,0.00335945049924858,0.00295457036616043,0.00259848628534706,0.00228531736880401,0.00200989149167722,0.00176765987230538,0.0015546219470543,0.0013672592992175,0.00120247755078911,0.00105755525742584,0.000930098962575322,0.000818003668469655,0.000719418071144914,0.000632713985327404,0.000556459454224984,0.000489395100119588,0.000430413325180429,0.000378540018989983,0.000332918470674366,0.000292795219939723,0.000257507613338173,0.000226472860249471,0.000199178407833014,0.00017517347598822,0.000154061612519374,0.000135494145550128,0.000119164425051377,0.00010480275837875,9.21719561778539e-05,8.10634150959026e-05,7.12936726039618e-05,6.2701377031151e-05,5.51446227695678e-05,4.84986066396461e-05,4.26535667097749e-05,3.75129695288601e-05,3.2991915833165e-05,2.90157383969629e-05,2.55187688698774e-05,6.43801449224549,5.84980692586516,NA,4.46276978386193,4.17722024247872,3.5428317920173,3.10041658948654,2.71880002386403,2.38659058483993,2.09633744242648,1.84216724662079,1.6192664227275,1.42359879725674,1.25172749451232,1.10069488402352,0.967937393414677,0.851222206004639,0.74859825778983,0.658356984931453,0.579000023912955,0.509212091362339,0.447837879085944,0.393862167652907,0.346392589229013,0.304644614982835,0.267928437642175,0.235637485077825,0.207238347512181,0.182261935822626,0.160295715463775,0.140976882221404,0.123986363858519,0.109043546694662,0.0959016389165585,0.0843435933932692,0.0741785222783969,0.065238543961569,0.0573760101641933,0.0504610673068934,0.0443795118284315,0.0390309040092917,0.0343269091333469,0.0301898385820389,0.0265513667612354,0.023351402667097,0.0205370974525125,0.0180619716025371,0.0158851473031068,0.0139706733248828,0.0122869312721605,0.0108061133906483,0.00950376330980361,0.00835837213483501,0.00735102321762276,0.00646507973977567,0.0056859099481093,0.00500064550468119,0.00439796896042266,0.00386792684239726,0.00340176526773716,0.00299178536934746,0.00263121614566883,0.00231410263455509,0.00203520756440731,0.0017899248582886,0.00157420356250137,0.00138448094327354,0.00121762364661527,0.00107087594957511,0.000941814248241817,0.000828307030840732,0.000728479674862634,0.000640683486833774,0.000563468473405091,0.000495559394062919,0.000435834699961032,0.000383308011039351,0.000337111825515682,0.000296483192705431,0.000260751112549496,0.000229325453747904,0.000201687207477204,0.000177379915727407,0.000156002132693609,0.000137200794718801,0.000120665389289527,0.000106122826782707,9.33329302682641e-05,8.20844688796036e-05,7.21916692412869e-05,6.34911473385723e-05,5.58392101572694e-05,4.91094825292822e-05,4.31908199901337e-05,3.79854731783792e-05,3.34074734611424e-05,2.93812131236574e-05,2.58401966740127e-05,2.27259426403337e-05,1.99870177230943e-05
20.6488818754125,14.521424878317,NA,7.07804825351579,6.00988644850675,4.39929228956026,3.67731349171149,3.10918517828016,2.63385530488007,2.23275418267846,1.89345716705764,1.60608626239503,1.36251777728594,1.15598434981087,0.980807878608565,0.832203382116883,0.706127722509541,0.599158993221632,0.508398163810417,0.431387679729369,0.366043454141599,0.310597710027626,0.263550763975703,0.223630260210422,0.189756655490314,0.161013971381003,0.136624997073668,0.115930258798789,0.0983701802211626,0.08346994784311,0.0708266703229778,0.0600984835418174,0.0509953063285745,0.0432709966277825,0.0367166958854298,0.0311551816217149,0.0264360754533738,0.0224317769761939,0.0190340135539167,0.0161509127179367,0.0137045180155343,0.0116286811360806,0.00986727331951,0.00837266768479922,0.00710445144179637,0.00602833316567116,0.00511521558762249,0.00434040883091339,0.00368296281883127,0.00312510080347906,0.00265173869852264,0.00225007721908315,0.00190925580060337,0.00162005893896555,0.00137466701156184,0.00116644484174332,0.000989762289620819,0.000839842018154382,0.000712630318263444,0.000604687500185195,0.000513094887362133,0.000435375898057314,0.000369429080815281,0.000313471293107864,0.000265989486766608,0.000225699796523373,0.000191512825450089,0.000162504188647232,0.000137889518708905,0.000117003257134796,9.92806582279196e-05,8.4242518879739e-05,7.1482221349812e-05,6.0654738688404e-05,5.14673055185946e-05,4.36715019242309e-05,3.70565363991913e-05,3.14435462349575e-05,2.66807612341095e-05,2.26393999809139e-05,1.92101877078587e-05,1.63004016043833e-05,1.38313636756129e-05,1.17363133602561e-05,9.95860238517105e-06,8.4501630470925e-06,7.17020850523907e-06,6.08412994188228e-06,5.16256077109354e-06,4.38058259271636e-06,3.71705142127458e-06,3.15402597165321e-06,2.67628254291188e-06,2.27090338312611e-06,1.92692740501257e-06,1.63505380800354e-06,1.38739059297848e-06,1.17724116971752e-06,9.98923287134741e-07,8.47615390327803e-07,5.4130464489644,5.32511781148043,NA,4.66164115335616,4.45759903969687,3.73023260332027,3.15882065535952,2.6783201771596,2.2716836057633,1.92710777760853,1.6349587376607,1.3871817339718,1.17699766031266,0.998682370538603,0.847393220594537,0.719028548352724,0.610111829940806,0.517695127415393,0.439278061048644,0.37273951964487,0.316279954947137,0.268372540980137,0.227721795597304,0.19322850291745,0.163959966206286,0.139124775492876,0.118051401772473,0.100170035954494,0.0849971799192744,0.0721225722227869,0.0611980945091964,0.0519283584516641,0.0440627185873766,0.0373884950223459,0.0317252227236272,0.0269197718892589,0.0228422074469718,0.0193822757220262,0.0164464232746521,0.0139552672980141,0.0118414491779537,0.0100478131763939,0.00852586099149137,0.00723444040715199,0.00613863257413198,0.00520880783578694,0.0044198245688359,0.00375034937651063,0.00318228025272227,0.00270025712012264,0.00229124650744932,0.00194418913620385,0.0016497008877239,0.00139981906506849,0.00118778708886603,0.00100787180549498,0.00085520846777473,0.000725669196584395,0.000615751366730101,0.000522482899115165,0.000443341898398815,0.000376188463218089,0.000319206825182769,0.0002708562521339,0.00022982938813422,0.000195016903741389,0.000165477500739233,0.000140412460281983,0.000119144046256223,0.00010109717990695,8.57838902261078e-05,7.27901196561373e-05,6.17645283466318e-05,5.24089942412979e-05,4.44705521261247e-05,3.77345536778879e-05,3.20188635668618e-05,2.71689346815853e-05,2.3053629314196e-05,1.9561673314949e-05,1.65986473394517e-05,1.40844338346526e-05,1.19510507323821e-05,1.01408132754733e-05,8.60477427389504e-06,7.30140061682874e-06,6.19545025476834e-06,5.25701928625037e-06,4.46073338329818e-06,3.78506169245261e-06,3.21173465989114e-06,2.72525003915117e-06,2.3124537243513e-06,1.96218407501859e-06,1.66497011538539e-06,1.41277544773681e-06,1.19878095545635e-06,1.0172004202557e-06,8.63124068045021e-07,7.32385813064562e-07
25.3407488349985,21.9395691797368,NA,10.8343464692389,8.79726314046344,6.08796294368414,5.0763417040756,4.3085630633509,3.67961649856857,3.15422692911414,2.71169155145959,2.33696571929964,2.01830917340696,1.7463327820088,1.51344116058249,1.31344151928861,1.14125049333798,0.992669227989847,0.864208985992522,0.7529549637866,0.656459276308943,0.572656341253571,0.499795551955659,0.436387361495183,0.381159825005967,0.333023342765931,0.291041871602957,0.254409269391096,0.222429738829036,0.194501566077812,0.170103524971653,0.148783451717177,0.130148598241451,0.113857452128185,0.0996127730230632,0.08715564373109,0.0762603721662285,0.0667301102605485,0.0583930797248278,0.0510993135629321,0.0447178375351334,0.0391342281480639,0.0342484938401353,0.0299732343073851,0.0262320397441785,0.0229580974421866,0.0200929779230608,0.0175855767507744,0.0153911915173569,0.0134707163309413,0.0117899385458329,0.0103189245316968,0.00903148304046214,0.00790469624208894,0.00691850980243739,0.00605537449994043,0.00529993284901704,0.00463874503925282,0.00406004922884396,0.00355355186428374,0.00311024424901426,0.00272224206304011,0.00238264495292612,0.00208541367542002,0.00182526259523122,0.00159756561435584,0.00139827385202527,0.00122384360542126,0.00107117330568525,0.000937548344870631,0.00082059279031381,0.000718227126013998,0.000628631268259696,0.000550212196878539,0.000481575625822513,0.000421501208820281,0.00036892083883053,0.000322899655148502,0.000282619420241863,0.000247363970586574,0.000216506482694133,0.000189498327828966,0.00016585931718625,0.000145169164040983,0.000127060011030281,0.00011120988967875,9.73369958593124e-05,8.5194679394439e-05,7.45670587040491e-05,6.52651825224092e-05,5.71236704352957e-05,4.99977725035361e-05,4.37607956914248e-05,3.83018513410224e-05,3.35238836420364e-05,2.93419440434187e-05,2.56816809258842e-05,2.24780176820271e-05,1.9673995700685e-05,1.72197616842344e-05,8.08672621519734,7.65457377997035,NA,6.26430131991642,5.91841224932428,4.95814504299464,4.26152205148799,3.6769687682481,3.17974295842624,2.75456405810484,2.38974339159562,2.07585260120406,1.80514805006553,1.57121228606906,1.36869259621733,1.19309980749425,1.04065035061192,0.908141015251987,0.792848875471862,0.692450775991692,0.604958123751705,0.528663729810085,0.462098198060237,0.403993925461816,0.353255210085514,0.30893329235892,0.270205406773001,0.236357114859106,0.20676733962741,0.180895637493766,0.158271334004404,0.138484220418509,0.121176563974568,0.1060362288885,0.0927907404206658,0.0812021526910838,0.0710626038335785,0.062190460721223,0.0544269707602263,0.0476333508268837,0.0416882538474309,0.0364855622109507,0.0319324644881426,0.0279477780619641,0.0244604854647604,0.0214084566241688,0.0187373329783376,0.0163995526362701,0.0143534985180435,0.012562753783286,0.0109954509031858,0.00962370250003411,0.00842310360939245,0.00737229634740464,0.00645258911818524,0.00564762349784452,0.00494308280315964,0.00432643711174498,0.00378672016185484,0.00331433413657787,0.00290087884026852,0.00253900221418931,0.00222226952179458,0.00194504886904351,0.00170241101780748,0.00149004170623527,0.00130416491355349,0.00114147570229416,0.000999081441913735,0.00087445036729902,0.000765366556448513,0.000669890526032047,0.000586324743626458,0.000513183442998485,0.000449166205429284,0.000393134837120294,0.000344093131387583,0.000301169155689916,0.000263599748461784,0.000230716950038312,0.000201936126365755,0.000176745574302778,0.000154697423670352,0.000135399674271666,0.000118509226288475,0.000103725780126424,9.07864972434055e-05,7.94613270272596e-05,6.95489166328781e-05,6.0873031054721e-05,5.32794197834166e-05,4.66330743358012e-05,4.08158278977659e-05,3.57242544022029e-05,3.1267829688391e-05,2.73673220489982e-05,2.39533835493895e-05,2.09653170736332e-05,1.83499971759797e-05,1.6060925551199e-05
39.9053222792803,25.7978129372169,NA,12.0316176345655,10.027070383396,6.09623750607776,4.51495620069514,3.67454790904542,3.1227948322756,2.70220147968281,2.35518716083314,2.05856831689325,1.80130171718518,1.57686741191422,1.38062868019553,1.20889061877955,1.0585421949168,0.926901617495191,0.811635021250576,0.71070368429334,0.622324084087735,0.544935058016237,0.477169775742399,0.417831444947403,0.365872122653166,0.320374190234935,0.280534141906428,0.245648392522811,0.215100851388036,0.188352041705555,0.164929573208865,0.144419799610516,0.126460513502174,0.110734549683676,0.0969641839501831,0.0849062284172982,0.0743477367659316,0.0651022435603845,0.0570064712250643,0.0499174465242488,0.0437099756212535,0.0382744331259505,0.0335148260847017,0.0293470987223121,0.0256976479973519,0.0225020237552047,0.0197037905232406,0.017253530847151,0.0151079725671297,0.0132292246213959,0.0115841078811674,0.0101435691994748,0.00888216832578082,0.00777762862519724,0.00681044366789455,0.00596353274098231,0.00522193919911866,0.00457256632665025,0.0040039460465462,0.0035060363914715,0.00307004416029177,0.0026882696280816,0.00235397056717879,0.00206124317786469,0.00180491782587825,0.0015804677454641,0.00138392909562901,0.00121183095778151,0.00106113403849652,0.000929176994881612,0.000813629434638155,0.000712450760787453,0.000623854134250144,0.000546274917849524,0.000478343044452519,0.000418858821263202,0.000366771742967016,0.000321161939560854,0.000281223931233343,0.00024625240340271,0.000215629750696057,0.000188815169893818,0.000165335109218226,0.000144774905297997,0.000126771460116068,0.000111006828613564,9.72026037055903e-05,8.51149995468977e-05,7.45305462167546e-05,6.52623197901463e-05,5.71466412174751e-05,5.00401857142061e-05,4.38174516116009e-05,3.83685439678518e-05,3.35972337976684e-05,2.94192586458576e-05,2.57608344926282e-05,2.25573527105185e-05,1.97522390609025e-05,1.72959545796842e-05,7.90877310974611,7.62892666979227,NA,6.5547069852534,6.21822724905268,5.0876129694704,4.33738933671975,3.75809752879016,3.2771828347175,2.86502788226805,2.50717429550243,2.19485929116942,1.92173557354492,1.68269646531007,1.47342400685513,1.29018953718239,1.12974589946101,0.989255808689626,0.866236878184911,0.758516122407334,0.664191016875535,0.581595706796655,0.509271522161493,0.445941194972128,0.390486294787393,0.34192747438959,0.299407173401079,0.262174473266637,0.229571835753525,0.201023490637414,0.176025267453485,0.154135691723875,0.134968188413619,0.118184254924515,0.103487483059789,0.0906183243858581,0.0793495065461837,0.0694820195782112,0.0608416013508169,0.053275660054253,0.0466505793930459,0.0408493588909208,0.035769547634986,0.0313214349686136,0.0274264661802306,0.0240158552087127,0.0210293698654327,0.0184142681197016,0.0161243666621527,0.01411922529668,0.0123634327571037,0.0108259813359142,0.00947971928089475,0.00830087128881784,0.00726861862802089,0.00636473147472889,0.00557324697009653,0.00488018731238196,0.00427331290569408,0.0037419062058621,0.00327658244609521,0.00286912389980277,0.00251233475361793,0.00219991402764808,0.00192634429869404,0.00168679426126404,0.00147703340558706,0.00129335730581943,0.00113252219901663,0.000991687699520008,0.000868366637080679,0.000760381132850376,0.000665824137530866,0.000583025752436648,0.00051052373869303,0.000447037693755097,0.000391446439198859,0.000342768220447673,0.000300143368756456,0.000262819119260288,0.00023013631697058,0.000201517775943578,0.000176458086041403,0.000154514687270632,0.000135300054069153,0.000118474851513971,0.000103741942586981,9.08411406656317e-05,7.95446145662271e-05,6.96528649918581e-05,6.09912013280891e-05,5.34066565657899e-05,4.67652858679247e-05,4.09498010723557e-05,3.58574993554278e-05,3.13984494760462e-05,2.74939035688944e-05,2.40749064386873e-05,2.10810777952713e-05,1.84595459235567e-05
28.0934082886253,20.1612971031432,NA,10.2319436589062,8.99946898246927,7.16634346150726,6.04321507324755,5.10561273406481,4.31488928754503,3.64692748015705,3.08243998580528,2.6053442112331,2.20209731105021,1.86126493485267,1.57318566129231,1.3296942620066,1.12388951719557,0.949938413163758,0.802910764381262,0.678639464668386,0.573602377235422,0.48482250788077,0.4097836297155,0.346358967365363,0.292750919206424,0.247440109168412,0.209142324100227,0.176772116198357,0.14941203890549,0.126286644353152,0.10674050537566,0.0902196391883692,0.0762558062343183,0.0644532391922439,0.0544774260153719,0.046045629086357,0.0389188717792964,0.0328951653094496,0.0278037839039223,0.0235004260384106,0.0198631245982636,0.016788790048371,0.0141902886373134,0.011993972825326,0.0101375939426905,0.00856853791846761,0.00724233407604128,0.00612139473129262,0.00517394987069959,0.00437314671567659,0.00369628865272464,0.00312419195891238,0.00264064209080046,0.00223193412677962,0.0018864843378958,0.0015945018781809,0.00134771128943391,0.00113911795559613,0.000962809859155031,0.000813790020894721,0.000687834873948041,0.000581374558143327,0.000491391741910837,0.000415336104127621,0.000351052052118553,0.000296717627174497,0.000250792866028687,0.000211976154736145,0.000179167337924126,0.000151436537844436,0.000127997799487432,0.00010818681479931,9.14420946554597e-05,7.7289054960063e-05,6.53265658352128e-05,5.52155826724435e-05,4.66695368243907e-05,3.94462135865525e-05,3.33408872723741e-05,2.81805188138036e-05,2.38188514339015e-05,2.0132265391522e-05,1.70162743119426e-05,1.438256380135e-05,1.21564884126677e-05,1.02749560209461e-05,8.68463964662384e-06,7.34046604559245e-06,6.20433822921398e-06,5.24405570755272e-06,4.43240185301765e-06,3.74637251819026e-06,3.16652404508309e-06,2.67642218690334e-06,2.26217632348992e-06,1.91204576901199e-06,1.61610701377891e-06,1.36597246902463e-06,1.15455274324333e-06,9.75855712437988e-07,8.70338109044654,8.7268515689054,NA,7.78221808130056,7.47473136340088,6.28997296917918,5.31505394116335,4.49215195494585,3.79681454782006,3.20914383730396,2.71244154954777,2.29261970466442,1.93777695761922,1.63785555176383,1.38435483287071,1.17008995218475,0.988988132772716,0.835916526046598,0.706536727451281,0.5971818139209,0.50475241419134,0.426628865275806,0.360596965106575,0.304785216912784,0.257611786669319,0.217739670260864,0.184038799692701,0.155554014350039,0.131477989537072,0.111128355027928,0.093928355116285,0.0793905020247414,0.0671027593737528,0.0567168641176814,0.047938455964626,0.0405187345249568,0.0342474077328521,0.0289467316827924,0.024466472956194,0.0206796506588694,0.017478937488806,0.0147736178322024,0.0124870166731672,0.0105543264464362,0.00892077024108666,0.0075400492961944,0.00637303078687032,0.00538663870949707,0.00455291643128895,0.00384823433466105,0.00325262009921665,0.0027491926399955,0.00232368365848372,0.00196403324603442,0.00166004807816464,0.00140311251216458,0.00118594439985705,0.00100238869467606,0.000847243003411862,0.000716110138355393,0.000605273490828808,0.000511591693899849,0.000432409588777682,0.000365482971471947,0.000308914986861315,0.000261102367432325,0.000220689992970045,0.000186532483317073,0.000157661735650863,0.000133259486210719,0.000112634118810347,9.52010628355764e-05,8.04662251611704e-05,6.80119864089223e-05,5.74853646486148e-05,4.85880110737465e-05,4.10677541063385e-05,3.47114522711958e-05,2.93389532735499e-05,2.47979880663717e-05,2.09598551934129e-05,1.77157730922771e-05,1.49737969733533e-05,1.26562128918296e-05,1.06973351547615e-05,9.04164463661714e-06,7.64221523885594e-06,6.4593838957658e-06,5.45962643144878e-06,4.61460740714193e-06,3.90037702934894e-06,3.29669235730176e-06,2.78644357120162e-06,2.35516904035463e-06,1.99064544711126e-06,1.68254134977425e-06,1.42212436564648e-06,1.20201367510923e-06,1.01597083212395e-06,8.5872295224332e-07
12.0378339304656,17.4446513800875,NA,11.2841764647206,8.54614785732051,3.52050933112573,2.6507025503379,2.31928517903835,2.09373795336428,1.90872806341502,1.74763095621088,1.6036718179327,1.473331833018,1.35450219504928,1.24575821909732,1.14603410474166,1.05446937579121,0.97033335007034,0.892986048683256,0.821856553519935,0.756429994019064,0.696238991845671,0.640857542155051,0.589896320005251,0.542998884553313,0.499838491961886,0.460115349266381,0.423554205785647,0.389902214386851,0.358927015763385,0.330415011671804,0.30416980130043,0.280010760473367,0.257771747263848,0.23729992039752,0.218454658928244,0.201106573289149,0.185136599103204,0.170435166174548,0.156901435938068,0.144442601364,0.132973243927717,0.122414742784489,0.112694731751133,0.103746600103392,0.0955090335585874,0.087925592134984,0.0809443218678596,0.0745173976220499,0.0686007944754392,0.0631539853604875,0.0581396628439859,0.0535234831009464,0.0492738302987055,0.0453615997535354,0.041759998355688,0.0384443608810568,0.0353919809195981,0.032581955253247,0.0299950406101436,0.0276135218082988,0.0254210903810643,0.0234027328495258,0.0215446278737807,0.0198340515764718,0.0182592903884047,0.0168095608179671,0.0154749355937898,0.0142462756739734,0.0131151676555716,0.0120738661551497,0.011115240765404,0.0102327272242538,0.0094202824617432,0.00867234321670212,0.00798378793960838,0.00734990172063399,0.00676634400260357,0.00622911885768675,0.00573454762422083,0.00527924371623607,0.00486008943314554,0.00447421461076739,0.00411897696746324,0.00379194401078984,0.00349087638075152,0.00321371251558197,0.00295855453504266,0.00272365524456478,0.00250740617123835,0.00230832654971919,0.00212505318263026,0.00195633110602292,0.00180100499597687,0.0016580112574935,0.0015263707415093,0.00140518204015786,0.00129361531436857,0.00119090661153573,0.00109635263434747,6.83560290327403,6.37788606245582,NA,4.4348860271721,3.87305098656356,2.82052861462585,2.50185880262709,2.28375371418284,2.09541854246201,1.9256186802146,1.77082304927501,1.62908018929931,1.49900536196288,1.37949783869508,1.26962621920538,1.16857367947204,1.075609315568,0.990071726704425,0.911358611642952,0.838919478908038,0.772250083206629,0.710887901785529,0.654408296063992,0.602421164543473,0.554567973386714,0.51051909297858,0.46997139176741,0.432646052033818,0.398286580471353,0.366656991862675,0.337540147877181,0.310736235741589,0.286061373605748,0.263346331056062,0.242435354550191,0.223185088643793,0.205463584808869,0.18914939044228,0.174130711359114,0.160304641678337,0.147576455551969,0.135858955674959,0.125071873949242,0.115141320069185,0.105999274151855,0.0975831198589897,0.0898352147517588,0.0827024948875864,0.0761361109131209,0.0700910931312267,0.0645260432246399,0.0594028505064816,0.0546864307397192,0.0503444857253255,0.0463472820035637,0.0426674471456463,0.0392797822350087,0.0361610892495121,0.0332900121588891,0.0306468906464282,0.028213625450935,0.0259735544050665,0.0239113383197517,0.0220128559321369,0.0202651071967966,0.0186561242572665,0.0171748894877041,0.0158112600430043,0.0145558984003687,0.0134002084164213,0.012336276461794,0.0113568172299208,0.010455123848821,0.0096250219541493,0.00886082740893671,0.0081573073804373,0.00750964450749673,0.00691340391303417,0.00636450283571965,0.00585918267287132,0.00539398324311402,0.00496571909254482,0.00457145768214792,0.00420849930708615,0.00387435861035737,0.00356674756422368,0.00328355980287324,0.00302285619902814,0.00278285158573067,0.00256190253238278,0.00235849609133289,0.00217123943795075,0.00199885033324913,0.00184014834374443,0.00169404675843317,0.00155954514753524,0.00143572251204939,0.00132173097721216,0.00121678998667593,0.00112018095765044
14.2412601497999,16.0306671031662,NA,8.53024655176006,6.55302770850988,3.42858187124737,2.5765172991694,2.12783080379306,1.83245663378028,1.61233157663413,1.43498493453821,1.28503229062179,1.15456282931616,1.03918227744911,0.93622154551525,0.84389116314195,0.760873503743186,0.686122637516295,0.618763807611483,0.558041108637372,0.503288718756894,0.453913817049459,0.409385445588394,0.369226521921008,0.333007627693042,0.300341885628547,0.270880570353074,0.244309261492196,0.220344428107311,0.198730374263485,0.179236496826302,0.161654818345719,0.145797764893619,0.131496163304193,0.118597435559027,0.106963970622403,0.0964716561480482,0.0870085542918965,0.0784737074548631,0.0707760611910437,0.0638334927788949,0.0575719350861335,0.0519245863785894,0.0468311976415246,0.0422374298095448,0.038094274047377,0.0343575288966027,0.0309873287101919,0.0279477183438824,0.0252062695669644,0.0227337351001199,0.020503736589401,0.0184924831874786,0.0166785177398331,0.015042487868059,0.0135669395080769,0.0122361307006039,0.0110358636472969,0.00995333324085188,0.00897699045309545,0.00809641912361709,0.0073022248344565,0.00658593468529966,0.00593990689993066,0.00535724929957129,0.0048317457733373,0.0043577899613578,0.00393032544305288,0.00354479179246531,0.00319707592513487,0.00288346821745724,0.00260062293038451,0.00234552251524583,0.00211544542088296,0.00190793705864966,0.00172078361551362,0.00155198843588469,0.00139975072019783,0.00126244631299554,0.00113861037554657,0.00102692175814282,0.000926188905349569,0.000835337143838499,0.000753397217183138,0.000679494945299637,0.000612841898214129,0.000552726984659289,0.000498508865762642,0.00044960911289168,0.000405506036659924,0.000365729121258393,0.000329854004734859,0.000297497951667767,0.000268315769934818,0.000241996128014063,0.000218258233528448,0.000196848837598716,0.000177539533045451,0.000160124317615998,0.000144417396239435,5.24234202720167,4.81619235894537,NA,3.59889947382254,3.30044011917159,2.65881465916541,2.32082177210345,2.06123101497247,1.84441496532061,1.65658218379809,1.49078145351179,1.34296121052897,1.21046379424245,1.09135892879425,0.984127812038991,0.887507047840768,0.800408310900238,0.721874648190626,0.651054837288068,0.587186873537766,0.529586258659168,0.47763697049621,0.430784057196048,0.38852731412001,0.350415752946156,0.316042696331464,0.285041393850452,0.257081087351662,0.231863471636048,0.20911950684169,0.188606545697037,0.170105743626222,0.153419723414368,0.138370469198256,0.124797427159532,0.112555792582739,0.101514964967372,0.0915571546947005,0.0825761263760537,0.0744760654718197,0.0671705560876335,0.0605816590413709,0.0546390803647933,0.0492794213687381,0.0444455022710321,0.0400857521711637,0.0361536588636055,0.0326072726200825,0.0294087586468546,0.0265239934423807,0.0239222007490861,0.0215756232153637,0.0194592262649216,0.017550431014191,0.0158288733884105,0.014276186866507,0.0128758065369739,0.0116127923743087,0.0104736698506265,0.00944628618200479,0.00851968067591864,0.00768396779656074,0.00693023170052276,0.00625043111768734,0.00563731356254758,0.00508433796071354,0.00458560486514263,0.00413579351760257,0.003730105083904,0.00336421145730505,0.00303420908389449,0.00273657731733747,0.00246814085868921,0.00222603588056412,0.00200767947425437,0.00181074209384299,0.00163312270333022,0.00147292636162899,0.00132844400629395,0.00119813422030588,0.00108060678738938,0.00097460786042308,0.000879006584710809,0.000792783033403352,0.000715017326359388,0.00064487981635956,0.000581622237974848,0.000524569724660535,0.000473113608909722,0.000426704928654494,0.000384848570637461,0.00034709798827194,0.000313050437638031,0.00028234268078956,0.000254647110532423,0.000229668255331343,0.000207139627057448,0.000186820877946744,0.000168495236438331,0.00015196719453648
